torso_visible,torso_width_mean,torso_width_std,armL_visible,armR_visible,arm_amp_L,arm_amp_R,arm_asym,legs_visible,stride_mean,stride_std,valid,label
0.2540983606557377,,,0.2540983606557377,0.2540983606557377,,,,0.2540983606557377,,,True,no_weapon
0.8939393939393939,,,0.8939393939393939,0.8939393939393939,,,,0.8939393939393939,,,True,no_weapon
0.4700854700854701,,,0.4700854700854701,0.4700854700854701,,,,0.4700854700854701,,,True,no_weapon
0.7520661157024794,,,0.7520661157024794,0.7520661157024794,,,,0.7520661157024794,,,True,no_weapon
0.5079365079365079,,,0.5079365079365079,0.5079365079365079,,,,0.5079365079365079,,,True,no_weapon
0.5662650602409639,,,0.5662650602409639,0.5662650602409639,,,,0.5662650602409639,,,True,no_weapon
0.773109243697479,,,0.773109243697479,0.773109243697479,,,,0.773109243697479,,,True,no_weapon
0.8823529411764706,,,0.8823529411764706,0.8823529411764706,,,,0.8823529411764706,,,True,no_weapon
0.5,,,0.5,0.5,,,,0.5,,,True,no_weapon
0.7815126050420168,,,0.7815126050420168,0.7815126050420168,,,,0.7815126050420168,,,True,no_weapon
0.9,,,0.9,0.9,,,,0.9,,,True,no_weapon
0.5376344086021505,,,0.5376344086021505,0.5376344086021505,,,,0.5376344086021505,,,True,no_weapon
0.5609756097560976,,,0.5609756097560976,0.5609756097560976,,,,0.5609756097560976,,,True,no_weapon
0.5454545454545454,,,0.5454545454545454,0.5454545454545454,,,,0.5454545454545454,,,True,no_weapon
0.5897435897435898,,,0.5897435897435898,0.5897435897435898,,,,0.5897435897435898,,,True,no_weapon
0.504424778761062,,,0.504424778761062,0.504424778761062,,,,0.504424778761062,,,True,no_weapon
0.5,,,0.5,0.5,,,,0.5,,,True,no_weapon
0.6767676767676768,,,0.6767676767676768,0.6767676767676768,,,,0.6767676767676768,,,True,no_weapon
0.5714285714285714,,,0.5714285714285714,0.5714285714285714,,,,0.5714285714285714,,,True,no_weapon
0.75,,,0.75,0.75,,,,0.75,,,True,no_weapon
0.9230769230769231,,,0.9230769230769231,0.9230769230769231,,,,0.9230769230769231,,,True,no_weapon
0.8478260869565217,,,0.8478260869565217,0.8478260869565217,,,,0.8478260869565217,,,True,no_weapon
0.7941176470588235,,,0.7941176470588235,0.7941176470588235,,,,0.7941176470588235,,,True,no_weapon
0.9770992366412213,,,0.9770992366412213,0.9770992366412213,,,,0.9770992366412213,,,True,no_weapon
0.9565217391304348,,,0.9565217391304348,0.9565217391304348,,,,0.9565217391304348,,,True,no_weapon
0.989247311827957,,,0.989247311827957,0.989247311827957,,,,0.989247311827957,,,True,no_weapon
0.9083969465648855,,,0.9083969465648855,0.9083969465648855,,,,0.9083969465648855,,,True,no_weapon
0.9259259259259259,,,0.9259259259259259,0.9259259259259259,,,,0.9259259259259259,,,True,no_weapon
1.0,0.10360173191356137,0.022977174394570202,1.0,1.0,0.22659474429801224,0.28897723944138515,0.06238249514337291,1.0,0.06868971480464887,0.027499415441215903,True,no_weapon
0.9926470588235294,,,0.9926470588235294,0.9926470588235294,,,,0.9926470588235294,,,True,no_weapon
0.9193548387096774,,,0.9193548387096774,0.9193548387096774,,,,0.9193548387096774,,,True,no_weapon
0.6875,,,0.6875,0.6875,,,,0.6875,,,True,no_weapon
0.896551724137931,,,0.896551724137931,0.896551724137931,,,,0.896551724137931,,,True,no_weapon
0.7410714285714286,,,0.7410714285714286,0.7410714285714286,,,,0.7410714285714286,,,True,no_weapon
0.88,,,0.88,0.88,,,,0.88,,,True,no_weapon
0.5826771653543307,,,0.5826771653543307,0.5826771653543307,,,,0.5826771653543307,,,True,no_weapon
0.8636363636363636,,,0.8636363636363636,0.8636363636363636,,,,0.8636363636363636,,,True,no_weapon
0.88,,,0.88,0.88,,,,0.88,,,True,no_weapon
0.9736842105263158,,,0.9736842105263158,0.9736842105263158,,,,0.9736842105263158,,,True,no_weapon
1.0,0.11233115415403344,0.051645783820049,1.0,1.0,0.12502996817795553,0.14974779037380087,0.02471782219584534,1.0,0.11709027480090956,0.08416060960768293,True,no_weapon
1.0,0.07660729449058333,0.05771976779516738,1.0,1.0,0.19987102236488835,0.187739971316146,0.012131051048742347,1.0,0.07821981284704145,0.07040068983369753,True,no_weapon
0.6973684210526315,,,0.6973684210526315,0.6973684210526315,,,,0.6973684210526315,,,True,no_weapon
0.3546099290780142,,,0.3546099290780142,0.3546099290780142,,,,0.3546099290780142,,,True,no_weapon
1.0,0.21307539682859142,0.15959345704613584,1.0,1.0,0.20269315192270282,0.1748596085574647,0.027833543365238106,1.0,0.21726873893787252,0.10616598342753059,True,no_weapon
1.0,0.12768748581417866,0.014284404434374582,1.0,1.0,0.12559023200989397,0.10547187932177404,0.020118352688119928,1.0,0.12471688499887351,0.07614888635660705,True,no_weapon
1.0,0.1524961620585988,0.0034161514307641545,1.0,1.0,0.22913016281567197,0.09052649767162772,0.13860366514404426,1.0,0.11476691787155302,0.05544754271999401,True,no_weapon
0.8870056497175142,,,0.8870056497175142,0.8870056497175142,,,,0.8870056497175142,,,True,no_weapon
0.655367231638418,,,0.655367231638418,0.655367231638418,,,,0.655367231638418,,,True,no_weapon
0.4685714285714286,,,0.4685714285714286,0.4685714285714286,,,,0.4685714285714286,,,True,no_weapon
0.8160919540229885,,,0.8160919540229885,0.8160919540229885,,,,0.8160919540229885,,,True,no_weapon
0.8651685393258427,,,0.8651685393258427,0.8651685393258427,,,,0.8651685393258427,,,True,no_weapon
0.9553072625698324,,,0.9553072625698324,0.9553072625698324,,,,0.9553072625698324,,,True,no_weapon
0.9833333333333333,,,0.9833333333333333,0.9833333333333333,,,,0.9833333333333333,,,True,no_weapon
0.9823008849557522,,,0.9823008849557522,0.9823008849557522,,,,0.9823008849557522,,,True,no_weapon
1.0,0.2846526582601142,0.060491073545762095,1.0,1.0,0.23438674681448518,0.32085154953829803,0.08646480272381285,1.0,0.16155701500453234,0.06492420568639654,True,no_weapon
1.0,0.24301240710462746,0.02854442375881133,1.0,1.0,0.35718869835684847,0.2518924493333719,0.10529624902347656,1.0,0.10261686688559594,0.021612165944944025,True,no_weapon
0.2826086956521739,,,0.2826086956521739,0.2826086956521739,,,,0.2826086956521739,,,True,no_weapon
0.5538461538461539,,,0.5538461538461539,0.5538461538461539,,,,0.5538461538461539,,,True,no_weapon
0.25,,,0.25,0.25,,,,0.25,,,True,no_weapon
0.9615384615384616,,,0.9615384615384616,0.9615384615384616,,,,0.9615384615384616,,,True,no_weapon
1.0,0.29144136289896555,0.08397194060925472,1.0,1.0,0.33325980061327803,0.24488026132754154,0.0883795392857365,1.0,0.09250726168687913,0.05654050028245464,True,no_weapon
0.7142857142857143,,,0.7142857142857143,0.7142857142857143,,,,0.7142857142857143,,,True,no_weapon
0.9142857142857143,,,0.9142857142857143,0.9142857142857143,,,,0.9142857142857143,,,True,no_weapon
0.9703703703703703,,,0.9703703703703703,0.9703703703703703,,,,0.9703703703703703,,,True,no_weapon
0.9767441860465116,,,0.9767441860465116,0.9767441860465116,,,,0.9767441860465116,,,True,no_weapon
1.0,0.10064927617027189,0.052738928962761236,1.0,1.0,0.24318885915164512,0.2611238257471055,0.0179349665954604,1.0,0.19594777456718393,0.1250355965285236,True,no_weapon
0.7090909090909091,,,0.7090909090909091,0.7090909090909091,,,,0.7090909090909091,,,True,no_weapon
0.9583333333333334,,,0.9583333333333334,0.9583333333333334,,,,0.9583333333333334,,,True,no_weapon
1.0,0.2427406244247669,0.04703582864087249,1.0,1.0,0.20168844081721704,0.25591777971531826,0.05422933889810122,1.0,0.16309397260771072,0.08196137822511311,True,no_weapon
1.0,0.2214396820571751,0.028899755222534605,1.0,1.0,0.3838268409030336,0.242573941575131,0.14125289932790258,1.0,0.09577358457080619,0.028327706273949795,True,no_weapon
0.4298245614035088,,,0.4298245614035088,0.4298245614035088,,,,0.4298245614035088,,,True,no_weapon
0.42857142857142855,,,0.42857142857142855,0.42857142857142855,,,,0.42857142857142855,,,True,no_weapon
0.7766990291262136,,,0.7766990291262136,0.7766990291262136,,,,0.7766990291262136,,,True,no_weapon
0.5217391304347826,,,0.5217391304347826,0.5217391304347826,,,,0.5217391304347826,,,True,no_weapon
0.9722222222222222,,,0.9722222222222222,0.9722222222222222,,,,0.9722222222222222,,,True,no_weapon
0.14444444444444443,,,0.14444444444444443,0.14444444444444443,,,,0.14444444444444443,,,True,no_weapon
0.7049180327868853,,,0.7049180327868853,0.7049180327868853,,,,0.7049180327868853,,,True,no_weapon
0.4444444444444444,,,0.4444444444444444,0.4444444444444444,,,,0.4444444444444444,,,True,no_weapon
0.7469879518072289,,,0.7469879518072289,0.7469879518072289,,,,0.7469879518072289,,,True,no_weapon
0.7966101694915254,,,0.7966101694915254,0.7966101694915254,,,,0.7966101694915254,,,True,no_weapon
0.6037735849056604,,,0.6037735849056604,0.6037735849056604,,,,0.6037735849056604,,,True,no_weapon
1.0,0.12238486743975735,0.07962688755606097,1.0,1.0,0.33335005385259636,0.3429419916156729,0.009591937763076541,1.0,0.12569219152977296,0.027584707058945408,True,no_weapon
1.0,0.3188188210770145,0.032300004511632736,1.0,1.0,0.5757490160096048,0.45147467840362165,0.12427433760598317,1.0,0.2055278820549769,0.020012639547943228,True,no_weapon
1.0,0.192152591324135,0.07848795402148986,1.0,1.0,0.3891564927489166,0.3992643466761032,0.010107853927186605,1.0,0.07280628683388299,0.020386671788238126,True,no_weapon
1.0,0.18201979508790675,0.06942245014026001,1.0,1.0,0.541730590825651,0.39443672578833255,0.14729386503731845,1.0,0.1583054182651984,0.027195339951446053,True,no_weapon
1.0,0.21489154875476602,0.05129075933399038,1.0,1.0,0.5112694672235134,0.3675252763860251,0.1437441908374883,1.0,0.14805968451759272,0.032217996756332405,True,no_weapon
1.0,0.17333099914323366,0.04041258476477228,1.0,1.0,0.35593303567478934,0.34750037779085324,0.008432657883936101,1.0,0.0745263531949804,0.017672412442636856,True,no_weapon
0.9333333333333333,,,0.9333333333333333,0.9333333333333333,,,,0.9333333333333333,,,True,no_weapon
0.9166666666666666,,,0.9166666666666666,0.9166666666666666,,,,0.9166666666666666,,,True,no_weapon
1.0,0.09184075842192803,0.04682069041237711,1.0,1.0,0.28174244408762567,0.23358857544289782,0.04815386864472784,1.0,0.06867575647186754,0.055728077547043446,True,no_weapon
1.0,0.23096280803799876,0.05021402829802713,1.0,1.0,0.2688317870110347,0.2842515670251618,0.015419780014127082,1.0,0.12020637029379584,0.03820597632311564,True,no_weapon
0.975,,,0.975,0.975,,,,0.975,,,True,no_weapon
0.10526315789473684,,,0.10526315789473684,0.10526315789473684,,,,0.10526315789473684,,,True,no_weapon
0.21323529411764705,,,0.21323529411764705,0.21323529411764705,,,,0.21323529411764705,,,True,no_weapon
0.36,,,0.36,0.36,,,,0.36,,,True,no_weapon
0.14814814814814814,,,0.14814814814814814,0.14814814814814814,,,,0.14814814814814814,,,True,no_weapon
0.1111111111111111,,,0.1111111111111111,0.1111111111111111,,,,0.1111111111111111,,,True,no_weapon
0.13513513513513514,,,0.13513513513513514,0.13513513513513514,,,,0.13513513513513514,,,True,no_weapon
0.39823008849557523,,,0.39823008849557523,0.39823008849557523,,,,0.39823008849557523,,,True,no_weapon
0.21739130434782608,,,0.21739130434782608,0.21739130434782608,,,,0.21739130434782608,,,True,no_weapon
0.44360902255639095,,,0.44360902255639095,0.44360902255639095,,,,0.44360902255639095,,,True,no_weapon
0.2631578947368421,,,0.2631578947368421,0.2631578947368421,,,,0.2631578947368421,,,True,no_weapon
0.5072463768115942,,,0.5072463768115942,0.5072463768115942,,,,0.5072463768115942,,,True,no_weapon
0.11864406779661017,,,0.11864406779661017,0.11864406779661017,,,,0.11864406779661017,,,True,no_weapon
0.2028985507246377,,,0.2028985507246377,0.2028985507246377,,,,0.2028985507246377,,,True,no_weapon
0.32,,,0.32,0.32,,,,0.32,,,True,no_weapon
0.544,,,0.544,0.544,,,,0.544,,,True,no_weapon
0.13245033112582782,,,0.13245033112582782,0.13245033112582782,,,,0.13245033112582782,,,True,no_weapon
0.3893805309734513,,,0.3893805309734513,0.3893805309734513,,,,0.3893805309734513,,,True,no_weapon
0.25210084033613445,,,0.25210084033613445,0.25210084033613445,,,,0.25210084033613445,,,True,no_weapon
0.15789473684210525,,,0.15789473684210525,0.15789473684210525,,,,0.15789473684210525,,,True,no_weapon
0.18,,,0.18,0.18,,,,0.18,,,True,no_weapon
0.1693548387096774,,,0.1693548387096774,0.1693548387096774,,,,0.1693548387096774,,,True,no_weapon
0.14814814814814814,,,0.14814814814814814,0.14814814814814814,,,,0.14814814814814814,,,True,no_weapon
0.16666666666666666,,,0.16666666666666666,0.16666666666666666,,,,0.16666666666666666,,,True,no_weapon
0.3923076923076923,,,0.3923076923076923,0.3923076923076923,,,,0.3923076923076923,,,True,no_weapon
0.5692307692307692,,,0.5692307692307692,0.5692307692307692,,,,0.5692307692307692,,,True,no_weapon
0.20754716981132076,,,0.20754716981132076,0.20754716981132076,,,,0.20754716981132076,,,True,no_weapon
0.384,,,0.384,0.384,,,,0.384,,,True,no_weapon
0.5769230769230769,,,0.5769230769230769,0.5769230769230769,,,,0.5769230769230769,,,True,no_weapon
0.8923076923076924,,,0.8923076923076924,0.8923076923076924,,,,0.8923076923076924,,,True,no_weapon
0.42391304347826086,,,0.42391304347826086,0.42391304347826086,,,,0.42391304347826086,,,True,no_weapon
0.14285714285714285,,,0.14285714285714285,0.14285714285714285,,,,0.14285714285714285,,,True,no_weapon
0.37142857142857144,,,0.37142857142857144,0.37142857142857144,,,,0.37142857142857144,,,True,no_weapon
0.2589928057553957,,,0.2589928057553957,0.2589928057553957,,,,0.2589928057553957,,,True,no_weapon
0.3246753246753247,,,0.3246753246753247,0.3246753246753247,,,,0.3246753246753247,,,True,no_weapon
0.21428571428571427,,,0.21428571428571427,0.21428571428571427,,,,0.21428571428571427,,,True,no_weapon
0.16153846153846155,,,0.16153846153846155,0.16153846153846155,,,,0.16153846153846155,,,True,no_weapon
0.21505376344086022,,,0.21505376344086022,0.21505376344086022,,,,0.21505376344086022,,,True,no_weapon
0.6416666666666667,,,0.6416666666666667,0.6416666666666667,,,,0.6416666666666667,,,True,no_weapon
0.7333333333333333,,,0.7333333333333333,0.7333333333333333,,,,0.7333333333333333,,,True,no_weapon
0.865546218487395,,,0.865546218487395,0.865546218487395,,,,0.865546218487395,,,True,no_weapon
0.675,,,0.675,0.675,,,,0.675,,,True,no_weapon
0.6696428571428571,,,0.6696428571428571,0.6696428571428571,,,,0.6696428571428571,,,True,no_weapon
0.6964285714285714,,,0.6964285714285714,0.6964285714285714,,,,0.6964285714285714,,,True,no_weapon
0.6371681415929203,,,0.6371681415929203,0.6371681415929203,,,,0.6371681415929203,,,True,no_weapon
0.9166666666666666,,,0.9166666666666666,0.9166666666666666,,,,0.9166666666666666,,,True,no_weapon
0.95,,,0.95,0.95,,,,0.95,,,True,no_weapon
0.95,,,0.95,0.95,,,,0.95,,,True,no_weapon
0.8,,,0.8,0.8,,,,0.8,,,True,no_weapon
0.925,,,0.925,0.925,,,,0.925,,,True,no_weapon
0.8869565217391304,,,0.8869565217391304,0.8869565217391304,,,,0.8869565217391304,,,True,no_weapon
0.7666666666666667,,,0.7666666666666667,0.7666666666666667,,,,0.7666666666666667,,,True,no_weapon
0.8454545454545455,,,0.8454545454545455,0.8454545454545455,,,,0.8454545454545455,,,True,no_weapon
0.9454545454545454,,,0.9454545454545454,0.9454545454545454,,,,0.9454545454545454,,,True,no_weapon
0.9727272727272728,,,0.9727272727272728,0.9727272727272728,,,,0.9727272727272728,,,True,no_weapon
0.6181818181818182,,,0.6181818181818182,0.6181818181818182,,,,0.6181818181818182,,,True,no_weapon
0.927710843373494,,,0.927710843373494,0.927710843373494,,,,0.927710843373494,,,True,no_weapon
0.9545454545454546,,,0.9545454545454546,0.9545454545454546,,,,0.9545454545454546,,,True,no_weapon
0.8904109589041096,,,0.8904109589041096,0.8904109589041096,,,,0.8904109589041096,,,True,no_weapon
1.0,0.050658620725189715,0.026604517760589655,1.0,1.0,0.15347794925214953,0.20473828673260716,0.051260337480457635,1.0,0.0447390046384745,0.03223182509292744,True,no_weapon
0.547945205479452,,,0.547945205479452,0.547945205479452,,,,0.547945205479452,,,True,no_weapon
0.8508771929824561,,,0.8508771929824561,0.8508771929824561,,,,0.8508771929824561,,,True,no_weapon
0.6875,,,0.6875,0.6875,,,,0.6875,,,True,no_weapon
0.4057971014492754,,,0.4057971014492754,0.4057971014492754,,,,0.4057971014492754,,,True,no_weapon
1.0,0.18205558016151235,0.030098250150511208,1.0,1.0,0.19716782007135336,0.18305306021984877,0.014114759851504594,1.0,0.09764361917565578,0.04310054740710271,True,no_weapon
0.5761589403973509,,,0.5761589403973509,0.5761589403973509,,,,0.5761589403973509,,,True,no_weapon
0.5446428571428571,,,0.5446428571428571,0.5446428571428571,,,,0.5446428571428571,,,True,no_weapon
0.6351351351351351,,,0.6351351351351351,0.6351351351351351,,,,0.6351351351351351,,,True,no_weapon
0.7333333333333333,,,0.7333333333333333,0.7333333333333333,,,,0.7333333333333333,,,True,no_weapon
0.7025316455696202,,,0.7025316455696202,0.7025316455696202,,,,0.7025316455696202,,,True,no_weapon
0.7361963190184049,,,0.7361963190184049,0.7361963190184049,,,,0.7361963190184049,,,True,no_weapon
0.7094594594594594,,,0.7094594594594594,0.7094594594594594,,,,0.7094594594594594,,,True,no_weapon
0.6888888888888889,,,0.6888888888888889,0.6888888888888889,,,,0.6888888888888889,,,True,no_weapon
0.10077519379844961,,,0.10077519379844961,0.10077519379844961,,,,0.10077519379844961,,,True,no_weapon
0.4962962962962963,,,0.4962962962962963,0.4962962962962963,,,,0.4962962962962963,,,True,no_weapon
0.2222222222222222,,,0.2222222222222222,0.2222222222222222,,,,0.2222222222222222,,,True,no_weapon
0.25,,,0.25,0.25,,,,0.25,,,True,no_weapon
0.3576158940397351,,,0.3576158940397351,0.3576158940397351,,,,0.3576158940397351,,,True,no_weapon
0.6946564885496184,,,0.6946564885496184,0.6946564885496184,,,,0.6946564885496184,,,True,no_weapon
0.6666666666666666,,,0.6666666666666666,0.6666666666666666,,,,0.6666666666666666,,,True,no_weapon
0.7786885245901639,,,0.7786885245901639,0.7786885245901639,,,,0.7786885245901639,,,True,no_weapon
0.45081967213114754,,,0.45081967213114754,0.45081967213114754,,,,0.45081967213114754,,,True,no_weapon
0.30327868852459017,,,0.30327868852459017,0.30327868852459017,,,,0.30327868852459017,,,True,no_weapon
0.3884297520661157,,,0.3884297520661157,0.3884297520661157,,,,0.3884297520661157,,,True,no_weapon
0.4336283185840708,,,0.4336283185840708,0.4336283185840708,,,,0.4336283185840708,,,True,no_weapon
0.10606060606060606,,,0.10606060606060606,0.10606060606060606,,,,0.10606060606060606,,,True,no_weapon
0.23684210526315788,,,0.23684210526315788,0.23684210526315788,,,,0.23684210526315788,,,True,no_weapon
0.12337662337662338,,,0.12337662337662338,0.12337662337662338,,,,0.12337662337662338,,,True,no_weapon
0.35526315789473684,,,0.35526315789473684,0.35526315789473684,,,,0.35526315789473684,,,True,no_weapon
0.26605504587155965,,,0.26605504587155965,0.26605504587155965,,,,0.26605504587155965,,,True,no_weapon
0.20987654320987653,,,0.20987654320987653,0.20987654320987653,,,,0.20987654320987653,,,True,no_weapon
0.4444444444444444,,,0.4444444444444444,0.4444444444444444,,,,0.4444444444444444,,,True,no_weapon
0.3181818181818182,,,0.3181818181818182,0.3181818181818182,,,,0.3181818181818182,,,True,no_weapon
0.48412698412698413,,,0.48412698412698413,0.48412698412698413,,,,0.48412698412698413,,,True,no_weapon
0.5483870967741935,,,0.5483870967741935,0.5483870967741935,,,,0.5483870967741935,,,True,no_weapon
0.7311827956989247,,,0.7311827956989247,0.7311827956989247,,,,0.7311827956989247,,,True,no_weapon
0.6444444444444445,,,0.6444444444444445,0.6444444444444445,,,,0.6444444444444445,,,True,no_weapon
0.762589928057554,,,0.762589928057554,0.762589928057554,,,,0.762589928057554,,,True,no_weapon
0.6694915254237288,,,0.6694915254237288,0.6694915254237288,,,,0.6694915254237288,,,True,no_weapon
0.7285714285714285,,,0.7285714285714285,0.7285714285714285,,,,0.7285714285714285,,,True,no_weapon
0.7037037037037037,,,0.7037037037037037,0.7037037037037037,,,,0.7037037037037037,,,True,no_weapon
0.7753623188405797,,,0.7753623188405797,0.7753623188405797,,,,0.7753623188405797,,,True,no_weapon
0.7536231884057971,,,0.7536231884057971,0.7536231884057971,,,,0.7536231884057971,,,True,no_weapon
0.93,,,0.93,0.93,,,,0.93,,,True,no_weapon
0.83,,,0.83,0.83,,,,0.83,,,True,no_weapon
0.94,,,0.94,0.94,,,,0.94,,,True,no_weapon
0.89,,,0.89,0.89,,,,0.89,,,True,no_weapon
0.9916666666666667,,,0.9916666666666667,0.9916666666666667,,,,0.9916666666666667,,,True,no_weapon
0.725,,,0.725,0.725,,,,0.725,,,True,no_weapon
0.7,,,0.7,0.7,,,,0.7,,,True,no_weapon
0.65,,,0.65,0.65,,,,0.65,,,True,no_weapon
0.8909090909090909,,,0.8909090909090909,0.8909090909090909,,,,0.8909090909090909,,,True,no_weapon
0.9363636363636364,,,0.9363636363636364,0.9363636363636364,,,,0.9363636363636364,,,True,no_weapon
0.7830188679245284,,,0.7830188679245284,0.7830188679245284,,,,0.7830188679245284,,,True,no_weapon
0.7545454545454545,,,0.7545454545454545,0.7545454545454545,,,,0.7545454545454545,,,True,no_weapon
0.9469026548672567,,,0.9469026548672567,0.9469026548672567,,,,0.9469026548672567,,,True,no_weapon
0.9026548672566371,,,0.9026548672566371,0.9026548672566371,,,,0.9026548672566371,,,True,no_weapon
0.9369369369369369,,,0.9369369369369369,0.9369369369369369,,,,0.9369369369369369,,,True,no_weapon
0.9911504424778761,,,0.9911504424778761,0.9911504424778761,,,,0.9911504424778761,,,True,no_weapon
0.9557522123893806,,,0.9557522123893806,0.9557522123893806,,,,0.9557522123893806,,,True,no_weapon
0.9557522123893806,,,0.9557522123893806,0.9557522123893806,,,,0.9557522123893806,,,True,no_weapon
0.9223300970873787,,,0.9223300970873787,0.9223300970873787,,,,0.9223300970873787,,,True,no_weapon
0.88,,,0.88,0.88,,,,0.88,,,True,no_weapon
0.76,,,0.76,0.76,,,,0.76,,,True,no_weapon
0.76,,,0.76,0.76,,,,0.76,,,True,no_weapon
0.864406779661017,,,0.864406779661017,0.864406779661017,,,,0.864406779661017,,,True,no_weapon
0.7352941176470589,,,0.7352941176470589,0.7352941176470589,,,,0.7352941176470589,,,True,no_weapon
0.7272727272727273,,,0.7272727272727273,0.7272727272727273,,,,0.7272727272727273,,,True,no_weapon
0.6909090909090909,,,0.6909090909090909,0.6909090909090909,,,,0.6909090909090909,,,True,no_weapon
0.7575757575757576,,,0.7575757575757576,0.7575757575757576,,,,0.7575757575757576,,,True,no_weapon
0.7062937062937062,,,0.7062937062937062,0.7062937062937062,,,,0.7062937062937062,,,True,no_weapon
0.6714285714285714,,,0.6714285714285714,0.6714285714285714,,,,0.6714285714285714,,,True,no_weapon
0.7272727272727273,,,0.7272727272727273,0.7272727272727273,,,,0.7272727272727273,,,True,no_weapon
0.7590361445783133,,,0.7590361445783133,0.7590361445783133,,,,0.7590361445783133,,,True,no_weapon
0.9727272727272728,,,0.9727272727272728,0.9727272727272728,,,,0.9727272727272728,,,True,no_weapon
0.944954128440367,,,0.944954128440367,0.944954128440367,,,,0.944954128440367,,,True,no_weapon
0.3333333333333333,,,0.3333333333333333,0.3333333333333333,,,,0.3333333333333333,,,True,no_weapon
0.7333333333333333,,,0.7333333333333333,0.7333333333333333,,,,0.7333333333333333,,,True,no_weapon
0.5353535353535354,,,0.5353535353535354,0.5353535353535354,,,,0.5353535353535354,,,True,no_weapon
0.7142857142857143,,,0.7142857142857143,0.7142857142857143,,,,0.7142857142857143,,,True,no_weapon
0.6395348837209303,,,0.6395348837209303,0.6395348837209303,,,,0.6395348837209303,,,True,no_weapon
0.625,,,0.625,0.625,,,,0.625,,,True,no_weapon
0.417910447761194,,,0.417910447761194,0.417910447761194,,,,0.417910447761194,,,True,no_weapon
0.9925373134328358,,,0.9925373134328358,0.9925373134328358,,,,0.9925373134328358,,,True,no_weapon
0.6470588235294118,,,0.6470588235294118,0.6470588235294118,,,,0.6470588235294118,,,True,no_weapon
0.8432835820895522,,,0.8432835820895522,0.8432835820895522,,,,0.8432835820895522,,,True,no_weapon
0.28225806451612906,,,0.28225806451612906,0.28225806451612906,,,,0.28225806451612906,,,True,no_weapon
0.5,,,0.5,0.5,,,,0.5,,,True,no_weapon
0.9016393442622951,,,0.9016393442622951,0.9016393442622951,,,,0.9016393442622951,,,True,no_weapon
0.9553571428571429,,,0.9553571428571429,0.9553571428571429,,,,0.9553571428571429,,,True,no_weapon
0.7627118644067796,,,0.7627118644067796,0.7627118644067796,,,,0.7627118644067796,,,True,no_weapon
0.7657657657657657,,,0.7657657657657657,0.7657657657657657,,,,0.7657657657657657,,,True,no_weapon
0.7358490566037735,,,0.7358490566037735,0.7358490566037735,,,,0.7358490566037735,,,True,no_weapon
0.9761904761904762,,,0.9761904761904762,0.9761904761904762,,,,0.9761904761904762,,,True,no_weapon
1.0,0.1792087995110588,0.006912514577174957,1.0,1.0,0.1560955251024571,0.2106457280706517,0.0545502029681946,1.0,0.10003170524151973,0.0118761138534475,True,no_weapon
0.72,,,0.72,0.72,,,,0.72,,,True,no_weapon
0.8181818181818182,,,0.8181818181818182,0.8181818181818182,,,,0.8181818181818182,,,True,no_weapon
0.7092198581560284,,,0.7092198581560284,0.7092198581560284,,,,0.7092198581560284,,,True,no_weapon
0.7383177570093458,,,0.7383177570093458,0.7383177570093458,,,,0.7383177570093458,,,True,no_weapon
0.6636363636363637,,,0.6636363636363637,0.6636363636363637,,,,0.6636363636363637,,,True,no_weapon
0.6818181818181818,,,0.6818181818181818,0.6818181818181818,,,,0.6818181818181818,,,True,no_weapon
0.5681818181818182,,,0.5681818181818182,0.5681818181818182,,,,0.5681818181818182,,,True,no_weapon
0.5163934426229508,,,0.5163934426229508,0.5163934426229508,,,,0.5163934426229508,,,True,no_weapon
0.6195652173913043,,,0.6195652173913043,0.6195652173913043,,,,0.6195652173913043,,,True,no_weapon
0.603448275862069,,,0.603448275862069,0.603448275862069,,,,0.603448275862069,,,True,no_weapon
0.4473684210526316,,,0.4473684210526316,0.4473684210526316,,,,0.4473684210526316,,,True,no_weapon
0.7410714285714286,,,0.7410714285714286,0.7410714285714286,,,,0.7410714285714286,,,True,no_weapon
0.6162790697674418,,,0.6162790697674418,0.6162790697674418,,,,0.6162790697674418,,,True,no_weapon
0.8833333333333333,,,0.8833333333333333,0.8833333333333333,,,,0.8833333333333333,,,True,no_weapon
0.8796296296296297,,,0.8796296296296297,0.8796296296296297,,,,0.8796296296296297,,,True,no_weapon
0.717948717948718,,,0.717948717948718,0.717948717948718,,,,0.717948717948718,,,True,no_weapon
0.4642857142857143,,,0.4642857142857143,0.4642857142857143,,,,0.4642857142857143,,,True,no_weapon
0.6515151515151515,,,0.6515151515151515,0.6515151515151515,,,,0.6515151515151515,,,True,no_weapon
0.6946564885496184,,,0.6946564885496184,0.6946564885496184,,,,0.6946564885496184,,,True,no_weapon
0.890625,,,0.890625,0.890625,,,,0.890625,,,True,no_weapon
0.8174603174603174,,,0.8174603174603174,0.8174603174603174,,,,0.8174603174603174,,,True,no_weapon
0.7586206896551724,,,0.7586206896551724,0.7586206896551724,,,,0.7586206896551724,,,True,no_weapon
0.64,,,0.64,0.64,,,,0.64,,,True,no_weapon
0.6790123456790124,,,0.6790123456790124,0.6790123456790124,,,,0.6790123456790124,,,True,no_weapon
0.2391304347826087,,,0.2391304347826087,0.2391304347826087,,,,0.2391304347826087,,,True,no_weapon
0.2777777777777778,,,0.2777777777777778,0.2777777777777778,,,,0.2777777777777778,,,True,no_weapon
0.39473684210526316,,,0.39473684210526316,0.39473684210526316,,,,0.39473684210526316,,,True,no_weapon
0.38461538461538464,,,0.38461538461538464,0.38461538461538464,,,,0.38461538461538464,,,True,no_weapon
0.4583333333333333,,,0.4583333333333333,0.4583333333333333,,,,0.4583333333333333,,,True,no_weapon
0.4065040650406504,,,0.4065040650406504,0.4065040650406504,,,,0.4065040650406504,,,True,no_weapon
0.7875,,,0.7875,0.7875,,,,0.7875,,,True,no_weapon
0.9207920792079208,,,0.9207920792079208,0.9207920792079208,,,,0.9207920792079208,,,True,no_weapon
0.40625,,,0.40625,0.40625,,,,0.40625,,,True,no_weapon
0.31690140845070425,,,0.31690140845070425,0.31690140845070425,,,,0.31690140845070425,,,True,no_weapon
0.3475177304964539,,,0.3475177304964539,0.3475177304964539,,,,0.3475177304964539,,,True,no_weapon
0.35,,,0.35,0.35,,,,0.35,,,True,no_weapon
0.21739130434782608,,,0.21739130434782608,0.21739130434782608,,,,0.21739130434782608,,,True,no_weapon
0.23,,,0.23,0.23,,,,0.23,,,True,no_weapon
0.2804878048780488,,,0.2804878048780488,0.2804878048780488,,,,0.2804878048780488,,,True,no_weapon
0.36363636363636365,,,0.36363636363636365,0.36363636363636365,,,,0.36363636363636365,,,True,no_weapon
0.22321428571428573,,,0.22321428571428573,0.22321428571428573,,,,0.22321428571428573,,,True,no_weapon
0.30337078651685395,,,0.30337078651685395,0.30337078651685395,,,,0.30337078651685395,,,True,no_weapon
0.2125984251968504,,,0.2125984251968504,0.2125984251968504,,,,0.2125984251968504,,,True,no_weapon
0.24193548387096775,,,0.24193548387096775,0.24193548387096775,,,,0.24193548387096775,,,True,no_weapon
0.13513513513513514,,,0.13513513513513514,0.13513513513513514,,,,0.13513513513513514,,,True,no_weapon
0.7547169811320755,,,0.7547169811320755,0.7547169811320755,,,,0.7547169811320755,,,True,no_weapon
0.29591836734693877,,,0.29591836734693877,0.29591836734693877,,,,0.29591836734693877,,,True,no_weapon
0.18627450980392157,,,0.18627450980392157,0.18627450980392157,,,,0.18627450980392157,,,True,no_weapon
0.17647058823529413,,,0.17647058823529413,0.17647058823529413,,,,0.17647058823529413,,,True,no_weapon
0.15151515151515152,,,0.15151515151515152,0.15151515151515152,,,,0.15151515151515152,,,True,no_weapon
0.16666666666666666,,,0.16666666666666666,0.16666666666666666,,,,0.16666666666666666,,,True,no_weapon
0.2857142857142857,,,0.2857142857142857,0.2857142857142857,,,,0.2857142857142857,,,True,no_weapon
0.34234234234234234,,,0.34234234234234234,0.34234234234234234,,,,0.34234234234234234,,,True,no_weapon
0.3170731707317073,,,0.3170731707317073,0.3170731707317073,,,,0.3170731707317073,,,True,no_weapon
0.2727272727272727,,,0.2727272727272727,0.2727272727272727,,,,0.2727272727272727,,,True,no_weapon
0.5,,,0.5,0.5,,,,0.5,,,True,no_weapon
0.46987951807228917,,,0.46987951807228917,0.46987951807228917,,,,0.46987951807228917,,,True,no_weapon
0.28846153846153844,,,0.28846153846153844,0.28846153846153844,,,,0.28846153846153844,,,True,no_weapon
0.4473684210526316,,,0.4473684210526316,0.4473684210526316,,,,0.4473684210526316,,,True,no_weapon
0.15,,,0.15,0.15,,,,0.15,,,True,no_weapon
0.84,,,0.84,0.84,,,,0.84,,,True,no_weapon
0.4883720930232558,,,0.4883720930232558,0.4883720930232558,,,,0.4883720930232558,,,True,no_weapon
0.6209677419354839,,,0.6209677419354839,0.6209677419354839,,,,0.6209677419354839,,,True,no_weapon
0.17777777777777778,,,0.17777777777777778,0.17777777777777778,,,,0.17777777777777778,,,True,no_weapon
0.14705882352941177,,,0.14705882352941177,0.14705882352941177,,,,0.14705882352941177,,,True,no_weapon
0.6833333333333333,,,0.6833333333333333,0.6833333333333333,,,,0.6833333333333333,,,True,no_weapon
0.4956521739130435,,,0.4956521739130435,0.4956521739130435,,,,0.4956521739130435,,,True,no_weapon
0.6166666666666667,,,0.6166666666666667,0.6166666666666667,,,,0.6166666666666667,,,True,no_weapon
0.35,,,0.35,0.35,,,,0.35,,,True,no_weapon
0.423728813559322,,,0.423728813559322,0.423728813559322,,,,0.423728813559322,,,True,no_weapon
0.19387755102040816,,,0.19387755102040816,0.19387755102040816,,,,0.19387755102040816,,,True,no_weapon
0.275,,,0.275,0.275,,,,0.275,,,True,no_weapon
0.13846153846153847,,,0.13846153846153847,0.13846153846153847,,,,0.13846153846153847,,,True,no_weapon
0.21568627450980393,,,0.21568627450980393,0.21568627450980393,,,,0.21568627450980393,,,True,no_weapon
0.15,,,0.15,0.15,,,,0.15,,,True,no_weapon
0.9883720930232558,,,0.9883720930232558,0.9883720930232558,,,,0.9883720930232558,,,True,no_weapon
0.9137931034482759,,,0.9137931034482759,0.9137931034482759,,,,0.9137931034482759,,,True,no_weapon
1.0,0.13422913929324473,0.03781038040249529,1.0,1.0,0.19164359403785994,0.16288451894541475,0.028759075092445185,1.0,0.08860774780451325,0.03683927251155588,True,no_weapon
0.8275862068965517,,,0.8275862068965517,0.8275862068965517,,,,0.8275862068965517,,,True,no_weapon
0.660377358490566,,,0.660377358490566,0.660377358490566,,,,0.660377358490566,,,True,no_weapon
0.8636363636363636,,,0.8636363636363636,0.8636363636363636,,,,0.8636363636363636,,,True,no_weapon
0.9548387096774194,,,0.9548387096774194,0.9548387096774194,,,,0.9548387096774194,,,True,no_weapon
0.9838709677419355,,,0.9838709677419355,0.9838709677419355,,,,0.9838709677419355,,,True,no_weapon
0.10218978102189781,,,0.10218978102189781,0.10218978102189781,,,,0.10218978102189781,,,True,no_weapon
0.14393939393939395,,,0.14393939393939395,0.14393939393939395,,,,0.14393939393939395,,,True,no_weapon
0.6865671641791045,,,0.6865671641791045,0.6865671641791045,,,,0.6865671641791045,,,True,no_weapon
1.0,0.16480734554128518,0.012807295143816434,1.0,1.0,0.174883784343213,0.16003810196563673,0.014845682377576275,1.0,0.08833845962006832,0.05923359022833535,True,no_weapon
0.99375,,,0.99375,0.99375,,,,0.99375,,,True,no_weapon
0.7384615384615385,,,0.7384615384615385,0.7384615384615385,,,,0.7384615384615385,,,True,no_weapon
0.7384615384615385,,,0.7384615384615385,0.7384615384615385,,,,0.7384615384615385,,,True,no_weapon
0.9727272727272728,,,0.9727272727272728,0.9727272727272728,,,,0.9727272727272728,,,True,no_weapon
0.8,,,0.8,0.8,,,,0.8,,,True,no_weapon
0.34579439252336447,,,0.34579439252336447,0.34579439252336447,,,,0.34579439252336447,,,True,no_weapon
0.2283464566929134,,,0.2283464566929134,0.2283464566929134,,,,0.2283464566929134,,,True,no_weapon
0.7384615384615385,,,0.7384615384615385,0.7384615384615385,,,,0.7384615384615385,,,True,no_weapon
0.8421052631578947,,,0.8421052631578947,0.8421052631578947,,,,0.8421052631578947,,,True,no_weapon
0.8450704225352113,,,0.8450704225352113,0.8450704225352113,,,,0.8450704225352113,,,True,no_weapon
0.8082191780821918,,,0.8082191780821918,0.8082191780821918,,,,0.8082191780821918,,,True,no_weapon
0.8275862068965517,,,0.8275862068965517,0.8275862068965517,,,,0.8275862068965517,,,True,no_weapon
0.9230769230769231,,,0.9230769230769231,0.9230769230769231,,,,0.9230769230769231,,,True,no_weapon
0.9615384615384616,,,0.9615384615384616,0.9615384615384616,,,,0.9615384615384616,,,True,no_weapon
0.8846153846153846,,,0.8846153846153846,0.8846153846153846,,,,0.8846153846153846,,,True,no_weapon
1.0,0.18540525351993264,0.042641278923427166,1.0,1.0,0.2006266656980103,0.13313831677046317,0.06748834892754713,1.0,0.09232011072131185,0.042216456932691056,True,no_weapon
0.7545454545454545,,,0.7545454545454545,0.7545454545454545,,,,0.7545454545454545,,,True,no_weapon
0.990909090909091,,,0.990909090909091,0.990909090909091,,,,0.990909090909091,,,True,no_weapon
0.990909090909091,,,0.990909090909091,0.990909090909091,,,,0.990909090909091,,,True,no_weapon
1.0,0.20674698035951639,0.0330902364314432,1.0,1.0,0.13567797913504853,0.11838808254286923,0.017289896592179305,1.0,0.13677386461216548,0.02805142339045511,True,no_weapon
1.0,0.14485604407385033,0.05081584108770326,1.0,1.0,0.20585250220191345,0.22778955189014458,0.021937049688231125,1.0,0.08729850096919323,0.054678060670042855,True,no_weapon
0.84,,,0.84,0.84,,,,0.84,,,True,no_weapon
0.9814814814814815,,,0.9814814814814815,0.9814814814814815,,,,0.9814814814814815,,,True,no_weapon
0.8095238095238095,,,0.8095238095238095,0.8095238095238095,,,,0.8095238095238095,,,True,no_weapon
1.0,0.16737879952095058,0.00453998776711167,1.0,1.0,0.22298915589768567,0.18847904242839464,0.03451011346929103,1.0,0.14230584362773083,0.004240304311857314,True,no_weapon
1.0,0.14640724948504272,0.011931541536206047,1.0,1.0,0.17841541814927736,0.21006499879983545,0.03164958065055809,1.0,0.12046979472460807,0.02799331090630764,True,no_weapon
1.0,0.16866647701989965,0.006922252178336222,1.0,1.0,0.1535874660830481,0.20982944064032238,0.05624197455727428,1.0,0.07579400039887338,0.030294091828689394,True,no_weapon
0.6439393939393939,,,0.6439393939393939,0.6439393939393939,,,,0.6439393939393939,,,True,no_weapon
0.5826771653543307,,,0.5826771653543307,0.5826771653543307,,,,0.5826771653543307,,,True,no_weapon
0.5833333333333334,,,0.5833333333333334,0.5833333333333334,,,,0.5833333333333334,,,True,no_weapon
0.6666666666666666,,,0.6666666666666666,0.6666666666666666,,,,0.6666666666666666,,,True,no_weapon
0.2966101694915254,,,0.2966101694915254,0.2966101694915254,,,,0.2966101694915254,,,True,no_weapon
0.42857142857142855,,,0.42857142857142855,0.42857142857142855,,,,0.42857142857142855,,,True,no_weapon
0.2641509433962264,,,0.2641509433962264,0.2641509433962264,,,,0.2641509433962264,,,True,no_weapon
0.37815126050420167,,,0.37815126050420167,0.37815126050420167,,,,0.37815126050420167,,,True,no_weapon
0.5135135135135135,,,0.5135135135135135,0.5135135135135135,,,,0.5135135135135135,,,True,no_weapon
0.5675675675675675,,,0.5675675675675675,0.5675675675675675,,,,0.5675675675675675,,,True,no_weapon
0.5315315315315315,,,0.5315315315315315,0.5315315315315315,,,,0.5315315315315315,,,True,no_weapon
0.5208333333333334,,,0.5208333333333334,0.5208333333333334,,,,0.5208333333333334,,,True,no_weapon
0.3162393162393162,,,0.3162393162393162,0.3162393162393162,,,,0.3162393162393162,,,True,no_weapon
0.42735042735042733,,,0.42735042735042733,0.42735042735042733,,,,0.42735042735042733,,,True,no_weapon
0.3162393162393162,,,0.3162393162393162,0.3162393162393162,,,,0.3162393162393162,,,True,no_weapon
0.5299145299145299,,,0.5299145299145299,0.5299145299145299,,,,0.5299145299145299,,,True,no_weapon
0.37272727272727274,,,0.37272727272727274,0.37272727272727274,,,,0.37272727272727274,,,True,no_weapon
0.3645833333333333,,,0.3645833333333333,0.3645833333333333,,,,0.3645833333333333,,,True,no_weapon
0.35454545454545455,,,0.35454545454545455,0.35454545454545455,,,,0.35454545454545455,,,True,no_weapon
0.711340206185567,,,0.711340206185567,0.711340206185567,,,,0.711340206185567,,,True,no_weapon
0.35,,,0.35,0.35,,,,0.35,,,True,no_weapon
0.2916666666666667,,,0.2916666666666667,0.2916666666666667,,,,0.2916666666666667,,,True,no_weapon
0.19463087248322147,,,0.19463087248322147,0.19463087248322147,,,,0.19463087248322147,,,True,no_weapon
0.25,,,0.25,0.25,,,,0.25,,,True,no_weapon
0.2288135593220339,,,0.2288135593220339,0.2288135593220339,,,,0.2288135593220339,,,True,no_weapon
0.2542372881355932,,,0.2542372881355932,0.2542372881355932,,,,0.2542372881355932,,,True,no_weapon
0.2882882882882883,,,0.2882882882882883,0.2882882882882883,,,,0.2882882882882883,,,True,no_weapon
0.3431372549019608,,,0.3431372549019608,0.3431372549019608,,,,0.3431372549019608,,,True,no_weapon
0.37254901960784315,,,0.37254901960784315,0.37254901960784315,,,,0.37254901960784315,,,True,no_weapon
0.34444444444444444,,,0.34444444444444444,0.34444444444444444,,,,0.34444444444444444,,,True,no_weapon
0.32558139534883723,,,0.32558139534883723,0.32558139534883723,,,,0.32558139534883723,,,True,no_weapon
0.1276595744680851,,,0.1276595744680851,0.1276595744680851,,,,0.1276595744680851,,,True,no_weapon
0.14184397163120568,,,0.14184397163120568,0.14184397163120568,,,,0.14184397163120568,,,True,no_weapon
0.9583333333333334,,,0.9583333333333334,0.9583333333333334,,,,0.9583333333333334,,,True,no_weapon
0.8666666666666667,,,0.8666666666666667,0.8666666666666667,,,,0.8666666666666667,,,True,no_weapon
0.46153846153846156,,,0.46153846153846156,0.46153846153846156,,,,0.46153846153846156,,,True,no_weapon
0.7872340425531915,,,0.7872340425531915,0.7872340425531915,,,,0.7872340425531915,,,True,no_weapon
1.0,0.11785602825071216,0.0459127792176125,1.0,1.0,0.08821902663130547,0.13760392394626472,0.04938489731495925,1.0,0.06341106661238799,0.028666031958796377,True,no_weapon
0.32727272727272727,,,0.32727272727272727,0.32727272727272727,,,,0.32727272727272727,,,True,no_weapon
0.9818181818181818,,,0.9818181818181818,0.9818181818181818,,,,0.9818181818181818,,,True,no_weapon
1.0,0.0932446791712166,0.027868412801902935,1.0,1.0,0.12518643678771474,0.1838387732775665,0.05865233648985177,1.0,0.06259519918433817,0.03457497577278573,True,no_weapon
0.9215686274509803,,,0.9215686274509803,0.9215686274509803,,,,0.9215686274509803,,,True,no_weapon
0.8717948717948718,,,0.8717948717948718,0.8717948717948718,,,,0.8717948717948718,,,True,no_weapon
0.9782608695652174,,,0.9782608695652174,0.9782608695652174,,,,0.9782608695652174,,,True,no_weapon
1.0,0.1023396619613461,0.030273369638188177,1.0,1.0,0.1830403226451956,0.2057633186283368,0.022722995983141203,1.0,0.034626778076007524,0.017979665330127095,True,no_weapon
0.9574468085106383,,,0.9574468085106383,0.9574468085106383,,,,0.9574468085106383,,,True,no_weapon
0.65,,,0.65,0.65,,,,0.65,,,True,no_weapon
0.8787878787878788,,,0.8787878787878788,0.8787878787878788,,,,0.8787878787878788,,,True,no_weapon
0.8387096774193549,,,0.8387096774193549,0.8387096774193549,,,,0.8387096774193549,,,True,no_weapon
0.8181818181818182,,,0.8181818181818182,0.8181818181818182,,,,0.8181818181818182,,,True,no_weapon
0.7575757575757576,,,0.7575757575757576,0.7575757575757576,,,,0.7575757575757576,,,True,no_weapon
0.6206896551724138,,,0.6206896551724138,0.6206896551724138,,,,0.6206896551724138,,,True,no_weapon
0.5925925925925926,,,0.5925925925925926,0.5925925925925926,,,,0.5925925925925926,,,True,no_weapon
0.4230769230769231,,,0.4230769230769231,0.4230769230769231,,,,0.4230769230769231,,,True,no_weapon
0.4090909090909091,,,0.4090909090909091,0.4090909090909091,,,,0.4090909090909091,,,True,no_weapon
0.8148148148148148,,,0.8148148148148148,0.8148148148148148,,,,0.8148148148148148,,,True,no_weapon
0.7916666666666666,,,0.7916666666666666,0.7916666666666666,,,,0.7916666666666666,,,True,no_weapon
0.5714285714285714,,,0.5714285714285714,0.5714285714285714,,,,0.5714285714285714,,,True,no_weapon
0.8,,,0.8,0.8,,,,0.8,,,True,no_weapon
0.8064516129032258,,,0.8064516129032258,0.8064516129032258,,,,0.8064516129032258,,,True,no_weapon
0.6666666666666666,,,0.6666666666666666,0.6666666666666666,,,,0.6666666666666666,,,True,no_weapon
0.90625,,,0.90625,0.90625,,,,0.90625,,,True,no_weapon
0.8,,,0.8,0.8,,,,0.8,,,True,no_weapon
0.7083333333333334,,,0.7083333333333334,0.7083333333333334,,,,0.7083333333333334,,,True,no_weapon
0.9,,,0.9,0.9,,,,0.9,,,True,no_weapon
0.9090909090909091,,,0.9090909090909091,0.9090909090909091,,,,0.9090909090909091,,,True,no_weapon
0.5555555555555556,,,0.5555555555555556,0.5555555555555556,,,,0.5555555555555556,,,True,no_weapon
0.7,,,0.7,0.7,,,,0.7,,,True,no_weapon
0.7931034482758621,,,0.7931034482758621,0.7931034482758621,,,,0.7931034482758621,,,True,no_weapon
0.72,,,0.72,0.72,,,,0.72,,,True,no_weapon
0.8125,,,0.8125,0.8125,,,,0.8125,,,True,no_weapon
0.8518518518518519,,,0.8518518518518519,0.8518518518518519,,,,0.8518518518518519,,,True,no_weapon
0.5517241379310345,,,0.5517241379310345,0.5517241379310345,,,,0.5517241379310345,,,True,no_weapon
0.9,,,0.9,0.9,,,,0.9,,,True,no_weapon
0.875,,,0.875,0.875,,,,0.875,,,True,no_weapon
0.6538461538461539,,,0.6538461538461539,0.6538461538461539,,,,0.6538461538461539,,,True,no_weapon
0.68,,,0.68,0.68,,,,0.68,,,True,no_weapon
0.5862068965517241,,,0.5862068965517241,0.5862068965517241,,,,0.5862068965517241,,,True,no_weapon
0.4166666666666667,,,0.4166666666666667,0.4166666666666667,,,,0.4166666666666667,,,True,no_weapon
0.75,,,0.75,0.75,,,,0.75,,,True,no_weapon
0.5925925925925926,,,0.5925925925925926,0.5925925925925926,,,,0.5925925925925926,,,True,no_weapon
0.9629629629629629,,,0.9629629629629629,0.9629629629629629,,,,0.9629629629629629,,,True,no_weapon
0.9545454545454546,,,0.9545454545454546,0.9545454545454546,,,,0.9545454545454546,,,True,no_weapon
0.9090909090909091,,,0.9090909090909091,0.9090909090909091,,,,0.9090909090909091,,,True,no_weapon
0.8076923076923077,,,0.8076923076923077,0.8076923076923077,,,,0.8076923076923077,,,True,no_weapon
0.5454545454545454,,,0.5454545454545454,0.5454545454545454,,,,0.5454545454545454,,,True,no_weapon
0.46875,,,0.46875,0.46875,,,,0.46875,,,True,no_weapon
0.8518518518518519,,,0.8518518518518519,0.8518518518518519,,,,0.8518518518518519,,,True,no_weapon
0.4583333333333333,,,0.4583333333333333,0.4583333333333333,,,,0.4583333333333333,,,True,no_weapon
0.5909090909090909,,,0.5909090909090909,0.5909090909090909,,,,0.5909090909090909,,,True,no_weapon
0.4642857142857143,,,0.4642857142857143,0.4642857142857143,,,,0.4642857142857143,,,True,no_weapon
0.8484848484848485,,,0.8484848484848485,0.8484848484848485,,,,0.8484848484848485,,,True,no_weapon
0.4782608695652174,,,0.4782608695652174,0.4782608695652174,,,,0.4782608695652174,,,True,no_weapon
0.6333333333333333,,,0.6333333333333333,0.6333333333333333,,,,0.6333333333333333,,,True,no_weapon
0.7586206896551724,,,0.7586206896551724,0.7586206896551724,,,,0.7586206896551724,,,True,no_weapon
0.9,,,0.9,0.9,,,,0.9,,,True,no_weapon
0.76,,,0.76,0.76,,,,0.76,,,True,no_weapon
0.875,,,0.875,0.875,,,,0.875,,,True,no_weapon
0.8333333333333334,,,0.8333333333333334,0.8333333333333334,,,,0.8333333333333334,,,True,no_weapon
0.72,,,0.72,0.72,,,,0.72,,,True,no_weapon
0.7666666666666667,,,0.7666666666666667,0.7666666666666667,,,,0.7666666666666667,,,True,no_weapon
0.95,,,0.95,0.95,,,,0.95,,,True,no_weapon
0.7777777777777778,,,0.7777777777777778,0.7777777777777778,,,,0.7777777777777778,,,True,no_weapon
0.9285714285714286,,,0.9285714285714286,0.9285714285714286,,,,0.9285714285714286,,,True,no_weapon
0.9333333333333333,,,0.9333333333333333,0.9333333333333333,,,,0.9333333333333333,,,True,no_weapon
0.5625,,,0.5625,0.5625,,,,0.5625,,,True,no_weapon
0.39285714285714285,,,0.39285714285714285,0.39285714285714285,,,,0.39285714285714285,,,True,no_weapon
0.7272727272727273,,,0.7272727272727273,0.7272727272727273,,,,0.7272727272727273,,,True,no_weapon
0.96,,,0.96,0.96,,,,0.96,,,True,no_weapon
1.0,0.05601464916203267,0.03326451291496911,1.0,1.0,0.14295858291008895,0.1819271354869939,0.03896855257690496,1.0,0.07902863452280985,0.025610015609771684,True,no_weapon
0.9727272727272728,,,0.9727272727272728,0.9727272727272728,,,,0.9727272727272728,,,True,no_weapon
0.9818181818181818,,,0.9818181818181818,0.9818181818181818,,,,0.9818181818181818,,,True,no_weapon
0.9636363636363636,,,0.9636363636363636,0.9636363636363636,,,,0.9636363636363636,,,True,no_weapon
0.9333333333333333,,,0.9333333333333333,0.9333333333333333,,,,0.9333333333333333,,,True,no_weapon
0.8495575221238938,,,0.8495575221238938,0.8495575221238938,,,,0.8495575221238938,,,True,no_weapon
0.10112359550561797,,,0.10112359550561797,0.10112359550561797,,,,0.10112359550561797,,,True,no_weapon
0.9230769230769231,,,0.9230769230769231,0.9230769230769231,,,,0.9230769230769231,,,True,no_weapon
0.9901477832512315,,,0.9901477832512315,0.9901477832512315,,,,0.9901477832512315,,,True,weapon
0.9859154929577465,,,0.9859154929577465,0.9859154929577465,,,,0.9859154929577465,,,True,weapon
0.14035087719298245,,,0.14035087719298245,0.14035087719298245,,,,0.14035087719298245,,,True,weapon
1.0,0.18639572518256664,0.03709964078578814,1.0,1.0,0.2856851862492741,0.23650755811591817,0.04917762813335591,1.0,0.11553777130324513,0.04253476271757838,True,weapon
1.0,4.172679006262075,1.9276442004639764,1.0,1.0,4.250348645358937,4.2928503343872855,0.04250168902834872,1.0,4.149989161235733,2.4207028192745477,True,weapon
1.0,0.16158492275677266,0.008603536927295825,1.0,1.0,0.2530459862772169,0.18727403975070764,0.06577194652650928,1.0,0.184801273200315,0.08659197753807965,True,weapon
1.0,4.142248514955688,2.321385011746386,1.0,1.0,4.066679113099383,4.3989655665465675,0.33228645344718455,1.0,4.131307077286782,2.0936773991347546,True,weapon
1.0,0.17062112478217936,0.005760056183142056,1.0,1.0,0.2495056534035024,0.2031930510609611,0.04631260234254128,1.0,0.1283055604319096,0.04990558429633994,True,weapon
1.0,4.168253778959599,2.042414636241861,1.0,1.0,4.543123696308243,4.481823135372288,0.06130056093595471,1.0,4.355344569587093,2.4457300906858825,True,weapon
1.0,0.13574082192692719,0.013135789557601982,1.0,1.0,0.25242744465280154,0.18916662932049835,0.06326081533230318,1.0,0.19670212841913673,0.09956643316603944,True,weapon
1.0,4.195947184699954,2.3242572147216554,1.0,1.0,4.0381851235458175,4.691368243316323,0.6531831197705058,1.0,4.391404771887719,2.383473838477707,True,weapon
1.0,0.1682539024238268,0.005082895738814279,1.0,1.0,0.256739453189029,0.19909660945459423,0.05764284373443479,1.0,0.14560781904945147,0.054704634354192774,True,weapon
1.0,4.540921413058126,2.4652026898249644,1.0,1.0,4.054490847439711,4.454859673593475,0.40036882615376435,1.0,4.3766482911073075,2.2802419839997996,True,weapon
1.0,0.07945783686729442,0.01194676430123292,1.0,1.0,0.2551435301525477,0.19294217511513925,0.06220135503740845,1.0,0.2312204348352103,0.11463666709225984,True,weapon
1.0,4.4533365327886845,2.4660216496599308,1.0,1.0,4.268342949498902,3.877479542066142,0.3908634074327604,1.0,4.42026711510441,2.3238108109249365,True,weapon
0.972972972972973,,,0.972972972972973,0.972972972972973,,,,0.972972972972973,,,True,weapon
0.9594594594594594,,,0.9594594594594594,0.9594594594594594,,,,0.9594594594594594,,,True,weapon
1.0,0.10492550135658373,0.012362036299493081,1.0,1.0,0.2576495685232012,0.19492869937195695,0.06272086915124425,1.0,0.2591879443312234,0.11341060287582926,True,weapon
1.0,4.394492962706257,2.2828117547119313,1.0,1.0,4.224743212582001,4.192390819281952,0.03235239330004891,1.0,4.252980226263262,2.0797573033040253,True,weapon
0.9931506849315068,,,0.9931506849315068,0.9931506849315068,,,,0.9931506849315068,,,True,weapon
0.9873417721518988,,,0.9873417721518988,0.9873417721518988,,,,0.9873417721518988,,,True,weapon
1.0,0.08776881684858358,0.00854519289144064,1.0,1.0,0.27171419998443486,0.2450574670962995,0.02665673288813536,1.0,0.22456368562197787,0.09672955345326319,True,weapon
1.0,4.623507381142202,2.453704349611539,1.0,1.0,4.2110841351754615,4.465260904031981,0.2541767688565191,1.0,4.2762492440290645,2.0343427080085177,True,weapon
0.9120879120879121,,,0.9120879120879121,0.9120879120879121,,,,0.9120879120879121,,,True,weapon
0.8735632183908046,,,0.8735632183908046,0.8735632183908046,,,,0.8735632183908046,,,True,weapon
0.9931506849315068,,,0.9931506849315068,0.9931506849315068,,,,0.9931506849315068,,,True,weapon
0.9872611464968153,,,0.9872611464968153,0.9872611464968153,,,,0.9872611464968153,,,True,weapon
1.0,0.1251116752823248,0.009751832288738466,1.0,1.0,0.25052962557772607,0.19782324157517966,0.0527063840025464,1.0,0.18227948654435502,0.08097747882216864,True,weapon
1.0,4.013569369341332,2.346310373624795,1.0,1.0,4.422494334670156,4.193773082375261,0.22872125229489537,1.0,4.509779820429818,2.365638868880259,True,weapon
1.0,0.1291861724213271,0.04018563155510759,1.0,1.0,0.21781159802816089,0.2136107211532839,0.0042008768748769965,1.0,0.03781568923035319,0.031130458145638692,True,weapon
1.0,4.0831723780059,1.9844160048193449,1.0,1.0,4.11880562919727,3.919323648620979,0.1994819805762913,1.0,4.094694159979424,2.255032131748306,True,weapon
0.9914529914529915,,,0.9914529914529915,0.9914529914529915,,,,0.9914529914529915,,,True,weapon
0.990990990990991,,,0.990990990990991,0.990990990990991,,,,0.990990990990991,,,True,weapon
1.0,0.13562453356308746,0.005962600739255713,1.0,1.0,0.2180323915568525,0.2294028031505316,0.011370411593679103,1.0,0.12687004686371472,0.06200892294609714,True,weapon
1.0,4.327873142089051,2.1718243301809403,1.0,1.0,4.215799892021154,4.410431695354157,0.194631803333003,1.0,4.436126258181574,2.375344309755171,True,weapon
1.0,0.1350493609836546,0.03653931985727012,1.0,1.0,0.21553323043424774,0.21111574542242703,0.00441748501182071,1.0,0.08634062544931537,0.07484593148434315,True,weapon
1.0,4.287786322146741,2.150712553800028,1.0,1.0,4.443543976644713,4.188957378338693,0.2545865983060196,1.0,4.044416466092849,2.2481314321652626,True,weapon
0.25862068965517243,,,0.25862068965517243,0.25862068965517243,,,,0.25862068965517243,,,True,weapon
0.23728813559322035,,,0.23728813559322035,0.23728813559322035,,,,0.23728813559322035,,,True,weapon
0.2857142857142857,,,0.2857142857142857,0.2857142857142857,,,,0.2857142857142857,,,True,weapon
0.2692307692307692,,,0.2692307692307692,0.2692307692307692,,,,0.2692307692307692,,,True,weapon
0.875,,,0.875,0.875,,,,0.875,,,True,weapon
0.8596491228070176,,,0.8596491228070176,0.8596491228070176,,,,0.8596491228070176,,,True,weapon
1.0,0.11071463780362319,0.04210585300850369,1.0,1.0,0.17720240482143113,0.20285117106381473,0.025648766242383603,1.0,0.06329648669375243,0.031177028105456615,True,weapon
1.0,4.046334526832861,2.082975403033562,1.0,1.0,4.316151920514638,4.143805800388686,0.17234612012595196,1.0,4.169175018220573,2.07786324636873,True,weapon
0.8734177215189873,,,0.8734177215189873,0.8734177215189873,,,,0.8734177215189873,,,True,weapon
0.8470588235294118,,,0.8470588235294118,0.8470588235294118,,,,0.8470588235294118,,,True,weapon
0.36538461538461536,,,0.36538461538461536,0.36538461538461536,,,,0.36538461538461536,,,True,weapon
0.2631578947368421,,,0.2631578947368421,0.2631578947368421,,,,0.2631578947368421,,,True,weapon
1.0,0.3118855993631537,0.09153098480462818,1.0,1.0,0.35385130899213385,0.2661462976609578,0.08770501133117603,1.0,0.15630049704467627,0.06547760525611365,True,weapon
1.0,4.39114810514612,2.229422254557579,1.0,1.0,4.278861722217507,4.339841770340928,0.060980048123420616,1.0,5.026040484263806,2.3790014518732887,True,weapon
0.7468354430379747,,,0.7468354430379747,0.7468354430379747,,,,0.7468354430379747,,,True,weapon
0.725,,,0.725,0.725,,,,0.725,,,True,weapon
1.0,0.2664784464412888,0.01496070075768833,1.0,1.0,0.3165786175109237,0.21174818887455799,0.10483042863636571,1.0,0.180405119863605,0.009444950936559945,True,weapon
1.0,4.3962370331060665,2.564152126911095,1.0,1.0,4.541822503926943,4.481757824478677,0.06006467944826532,1.0,4.241728220333689,2.388919829788185,True,weapon
0.9365079365079365,,,0.9365079365079365,0.9365079365079365,,,,0.9365079365079365,,,True,weapon
0.9172932330827067,,,0.9172932330827067,0.9172932330827067,,,,0.9172932330827067,,,True,weapon
0.9523809523809523,,,0.9523809523809523,0.9523809523809523,,,,0.9523809523809523,,,True,weapon
0.9307692307692308,,,0.9307692307692308,0.9307692307692308,,,,0.9307692307692308,,,True,weapon
0.9052631578947369,,,0.9052631578947369,0.9052631578947369,,,,0.9052631578947369,,,True,weapon
0.8837209302325582,,,0.8837209302325582,0.8837209302325582,,,,0.8837209302325582,,,True,weapon
0.7083333333333334,,,0.7083333333333334,0.7083333333333334,,,,0.7083333333333334,,,True,weapon
0.6237623762376238,,,0.6237623762376238,0.6237623762376238,,,,0.6237623762376238,,,True,weapon
0.6403508771929824,,,0.6403508771929824,0.6403508771929824,,,,0.6403508771929824,,,True,weapon
0.5663716814159292,,,0.5663716814159292,0.5663716814159292,,,,0.5663716814159292,,,True,weapon
0.9821428571428571,,,0.9821428571428571,0.9821428571428571,,,,0.9821428571428571,,,True,weapon
0.975,,,0.975,0.975,,,,0.975,,,True,weapon
0.974025974025974,,,0.974025974025974,0.974025974025974,,,,0.974025974025974,,,True,weapon
0.9594594594594594,,,0.9594594594594594,0.9594594594594594,,,,0.9594594594594594,,,True,weapon
0.5660377358490566,,,0.5660377358490566,0.5660377358490566,,,,0.5660377358490566,,,True,weapon
0.4791666666666667,,,0.4791666666666667,0.4791666666666667,,,,0.4791666666666667,,,True,weapon
0.5076923076923077,,,0.5076923076923077,0.5076923076923077,,,,0.5076923076923077,,,True,weapon
0.40625,,,0.40625,0.40625,,,,0.40625,,,True,weapon
0.5396825396825397,,,0.5396825396825397,0.5396825396825397,,,,0.5396825396825397,,,True,weapon
0.3559322033898305,,,0.3559322033898305,0.3559322033898305,,,,0.3559322033898305,,,True,weapon
0.5384615384615384,,,0.5384615384615384,0.5384615384615384,,,,0.5384615384615384,,,True,weapon
0.3188405797101449,,,0.3188405797101449,0.3188405797101449,,,,0.3188405797101449,,,True,weapon
0.3956043956043956,,,0.3956043956043956,0.3956043956043956,,,,0.3956043956043956,,,True,weapon
0.34408602150537637,,,0.34408602150537637,0.34408602150537637,,,,0.34408602150537637,,,True,weapon
0.8192771084337349,,,0.8192771084337349,0.8192771084337349,,,,0.8192771084337349,,,True,weapon
0.7530864197530864,,,0.7530864197530864,0.7530864197530864,,,,0.7530864197530864,,,True,weapon
0.40384615384615385,,,0.40384615384615385,0.40384615384615385,,,,0.40384615384615385,,,True,weapon
0.2641509433962264,,,0.2641509433962264,0.2641509433962264,,,,0.2641509433962264,,,True,weapon
0.5277777777777778,,,0.5277777777777778,0.5277777777777778,,,,0.5277777777777778,,,True,weapon
0.38235294117647056,,,0.38235294117647056,0.38235294117647056,,,,0.38235294117647056,,,True,weapon
0.5,,,0.5,0.5,,,,0.5,,,True,weapon
0.3157894736842105,,,0.3157894736842105,0.3157894736842105,,,,0.3157894736842105,,,True,weapon
0.5813953488372093,,,0.5813953488372093,0.5813953488372093,,,,0.5813953488372093,,,True,weapon
0.5568181818181818,,,0.5568181818181818,0.5568181818181818,,,,0.5568181818181818,,,True,weapon
1.0,0.08999044795105486,0.031478896439730834,1.0,1.0,0.25543277680027804,0.30958521286761725,0.054152436067339216,1.0,0.04275540879087148,0.015946287578828093,True,weapon
1.0,4.711273056618125,2.5460401667131336,1.0,1.0,4.28241733392753,4.439033129928644,0.1566157960011143,1.0,4.742209192807888,2.732286255190943,True,weapon
1.0,0.09658197358920899,0.04822189059498592,1.0,1.0,0.22218166214517313,0.231719114128801,0.009537451983627876,1.0,0.203745286210336,0.09382028877908273,True,weapon
1.0,4.34922503960029,2.434683300293811,1.0,1.0,4.436150163573508,4.529947666917287,0.09379750334377857,1.0,4.143672629703925,2.279217227727689,True,weapon
0.975,,,0.975,0.975,,,,0.975,,,True,weapon
0.9733333333333334,,,0.9733333333333334,0.9733333333333334,,,,0.9733333333333334,,,True,weapon
0.8953488372093024,,,0.8953488372093024,0.8953488372093024,,,,0.8953488372093024,,,True,weapon
0.8352941176470589,,,0.8352941176470589,0.8352941176470589,,,,0.8352941176470589,,,True,weapon
0.75,,,0.75,0.75,,,,0.75,,,True,weapon
0.6746987951807228,,,0.6746987951807228,0.6746987951807228,,,,0.6746987951807228,,,True,weapon
0.36363636363636365,,,0.36363636363636365,0.36363636363636365,,,,0.36363636363636365,,,True,weapon
0.3,,,0.3,0.3,,,,0.3,,,True,weapon
0.7962962962962963,,,0.7962962962962963,0.7962962962962963,,,,0.7962962962962963,,,True,weapon
0.76,,,0.76,0.76,,,,0.76,,,True,weapon
0.8682170542635659,,,0.8682170542635659,0.8682170542635659,,,,0.8682170542635659,,,True,weapon
0.847457627118644,,,0.847457627118644,0.847457627118644,,,,0.847457627118644,,,True,weapon
1.0,0.16651490413385409,0.04489691113588916,1.0,1.0,0.2460585199214934,0.2088503371413176,0.03720818278017582,1.0,0.08904194068663486,0.01311378758451606,True,weapon
1.0,4.1993327866168135,2.1506963343516463,1.0,1.0,4.635715448544848,4.240959358286992,0.3947560902578555,1.0,4.488109303905254,2.4316591346719947,True,weapon
0.9732142857142857,,,0.9732142857142857,0.9732142857142857,,,,0.9732142857142857,,,True,weapon
0.9514563106796117,,,0.9514563106796117,0.9514563106796117,,,,0.9514563106796117,,,True,weapon
1.0,0.5633220379868374,0.07998308068767435,1.0,1.0,0.20989286696288123,0.37362752597504834,0.1637346590121671,1.0,0.3086293112355981,0.07956499085829688,True,weapon
1.0,4.223574852200693,2.344942434218931,1.0,1.0,4.4333024564920445,4.526279460989335,0.09297700449729085,1.0,4.11299906782406,2.264989872879395,True,weapon
0.9893617021276596,,,0.9893617021276596,0.9893617021276596,,,,0.9893617021276596,,,True,weapon
0.9888888888888889,,,0.9888888888888889,0.9888888888888889,,,,0.9888888888888889,,,True,weapon
0.627906976744186,,,0.627906976744186,0.627906976744186,,,,0.627906976744186,,,True,weapon
0.5542168674698795,,,0.5542168674698795,0.5542168674698795,,,,0.5542168674698795,,,True,weapon
0.38461538461538464,,,0.38461538461538464,0.38461538461538464,,,,0.38461538461538464,,,True,weapon
0.3779527559055118,,,0.3779527559055118,0.3779527559055118,,,,0.3779527559055118,,,True,weapon
1.0,0.03340123337645685,0.017596305302405964,1.0,1.0,0.022606677645347566,0.03366555229336324,0.011058874648015672,1.0,0.011335767754162668,0.006003864487843585,True,weapon
1.0,4.653916119660361,1.8906439391844692,1.0,1.0,4.509387679029534,5.36125798205802,0.8518703030284858,1.0,4.352244655220761,2.1304053752410725,True,weapon
0.4367816091954023,,,0.4367816091954023,0.4367816091954023,,,,0.4367816091954023,,,True,weapon
0.358695652173913,,,0.358695652173913,0.358695652173913,,,,0.358695652173913,,,True,weapon
0.41818181818181815,,,0.41818181818181815,0.41818181818181815,,,,0.41818181818181815,,,True,weapon
0.4067796610169492,,,0.4067796610169492,0.4067796610169492,,,,0.4067796610169492,,,True,weapon
1.0,0.17950077122023503,0.009676474343076981,1.0,1.0,0.24674120949404812,0.10857824487754414,0.13816296461650399,1.0,0.06296333349421981,0.013006177156832851,True,weapon
1.0,4.6066523783952125,2.695800477208033,1.0,1.0,4.657612162670689,4.263332576670544,0.39427958600014446,1.0,4.20195229497534,2.2901914595885624,True,weapon
0.8395061728395061,,,0.8395061728395061,0.8395061728395061,,,,0.8395061728395061,,,True,weapon
0.8095238095238095,,,0.8095238095238095,0.8095238095238095,,,,0.8095238095238095,,,True,weapon
0.9016393442622951,,,0.9016393442622951,0.9016393442622951,,,,0.9016393442622951,,,True,weapon
0.8571428571428571,,,0.8571428571428571,0.8571428571428571,,,,0.8571428571428571,,,True,weapon
0.4523809523809524,,,0.4523809523809524,0.4523809523809524,,,,0.4523809523809524,,,True,weapon
0.4444444444444444,,,0.4444444444444444,0.4444444444444444,,,,0.4444444444444444,,,True,weapon
0.9875,,,0.9875,0.9875,,,,0.9875,,,True,weapon
0.975609756097561,,,0.975609756097561,0.975609756097561,,,,0.975609756097561,,,True,weapon
1.0,0.1490796197303572,0.032340965159448315,1.0,1.0,0.16730508890877197,0.17786408225490763,0.010558993346135664,1.0,0.11310899654964424,0.051573411096578245,True,weapon
1.0,4.7425405698327445,2.4125872342316192,1.0,1.0,4.555087400197504,4.569033405653192,0.013946005455688137,1.0,4.157129704727067,2.405075610504471,True,weapon
0.9534883720930233,,,0.9534883720930233,0.9534883720930233,,,,0.9534883720930233,,,True,weapon
0.9069767441860465,,,0.9069767441860465,0.9069767441860465,,,,0.9069767441860465,,,True,weapon
1.0,0.21465842231663243,0.03243891708581515,1.0,1.0,0.3234002723104328,0.3041216653377269,0.019278606972705892,1.0,0.11306365638456962,0.028460577391305097,True,weapon
1.0,4.531521982674641,2.466534145877692,1.0,1.0,4.643241170636935,4.158571962470894,0.4846692081660411,1.0,4.381451833796931,2.590794313496725,True,weapon
0.4444444444444444,,,0.4444444444444444,0.4444444444444444,,,,0.4444444444444444,,,True,weapon
0.43902439024390244,,,0.43902439024390244,0.43902439024390244,,,,0.43902439024390244,,,True,weapon
0.5394736842105263,,,0.5394736842105263,0.5394736842105263,,,,0.5394736842105263,,,True,weapon
0.5352112676056338,,,0.5352112676056338,0.5352112676056338,,,,0.5352112676056338,,,True,weapon
0.782608695652174,,,0.782608695652174,0.782608695652174,,,,0.782608695652174,,,True,weapon
0.7619047619047619,,,0.7619047619047619,0.7619047619047619,,,,0.7619047619047619,,,True,weapon
0.39473684210526316,,,0.39473684210526316,0.39473684210526316,,,,0.39473684210526316,,,True,weapon
0.3835616438356164,,,0.3835616438356164,0.3835616438356164,,,,0.3835616438356164,,,True,weapon
0.7283950617283951,,,0.7283950617283951,0.7283950617283951,,,,0.7283950617283951,,,True,weapon
0.6438356164383562,,,0.6438356164383562,0.6438356164383562,,,,0.6438356164383562,,,True,weapon
0.9743589743589743,,,0.9743589743589743,0.9743589743589743,,,,0.9743589743589743,,,True,weapon
0.95,,,0.95,0.95,,,,0.95,,,True,weapon
0.34210526315789475,,,0.34210526315789475,0.34210526315789475,,,,0.34210526315789475,,,True,weapon
0.225,,,0.225,0.225,,,,0.225,,,True,weapon
0.7837837837837838,,,0.7837837837837838,0.7837837837837838,,,,0.7837837837837838,,,True,weapon
0.7272727272727273,,,0.7272727272727273,0.7272727272727273,,,,0.7272727272727273,,,True,weapon
0.6,,,0.6,0.6,,,,0.6,,,True,weapon
0.49295774647887325,,,0.49295774647887325,0.49295774647887325,,,,0.49295774647887325,,,True,weapon
0.3953488372093023,,,0.3953488372093023,0.3953488372093023,,,,0.3953488372093023,,,True,weapon
0.3181818181818182,,,0.3181818181818182,0.3181818181818182,,,,0.3181818181818182,,,True,weapon
0.8888888888888888,,,0.8888888888888888,0.8888888888888888,,,,0.8888888888888888,,,True,weapon
0.8846153846153846,,,0.8846153846153846,0.8846153846153846,,,,0.8846153846153846,,,True,weapon
0.6052631578947368,,,0.6052631578947368,0.6052631578947368,,,,0.6052631578947368,,,True,weapon
0.581081081081081,,,0.581081081081081,0.581081081081081,,,,0.581081081081081,,,True,weapon
0.717391304347826,,,0.717391304347826,0.717391304347826,,,,0.717391304347826,,,True,weapon
0.6956521739130435,,,0.6956521739130435,0.6956521739130435,,,,0.6956521739130435,,,True,weapon
0.8428571428571429,,,0.8428571428571429,0.8428571428571429,,,,0.8428571428571429,,,True,weapon
0.7727272727272727,,,0.7727272727272727,0.7727272727272727,,,,0.7727272727272727,,,True,weapon
0.7922077922077922,,,0.7922077922077922,0.7922077922077922,,,,0.7922077922077922,,,True,weapon
0.7088607594936709,,,0.7088607594936709,0.7088607594936709,,,,0.7088607594936709,,,True,weapon
0.5769230769230769,,,0.5769230769230769,0.5769230769230769,,,,0.5769230769230769,,,True,weapon
0.48148148148148145,,,0.48148148148148145,0.48148148148148145,,,,0.48148148148148145,,,True,weapon
1.0,0.3050894175070267,0.0430869801383888,1.0,1.0,0.39422985904897256,0.3201290355565209,0.07410082349245167,1.0,0.1035754171913153,0.03662587445681547,True,weapon
1.0,6.101578616648472,3.131692089651926,1.0,1.0,5.742462842545174,5.217204857494737,0.5252579850504366,1.0,5.167243623614552,2.5255060855277143,True,weapon
0.9836065573770492,,,0.9836065573770492,0.9836065573770492,,,,0.9836065573770492,,,True,weapon
0.9649122807017544,,,0.9649122807017544,0.9649122807017544,,,,0.9649122807017544,,,True,weapon
0.9302325581395349,,,0.9302325581395349,0.9302325581395349,,,,0.9302325581395349,,,True,weapon
0.9111111111111111,,,0.9111111111111111,0.9111111111111111,,,,0.9111111111111111,,,True,weapon
0.9830508474576272,,,0.9830508474576272,0.9830508474576272,,,,0.9830508474576272,,,True,weapon
0.96875,,,0.96875,0.96875,,,,0.96875,,,True,weapon
0.6756756756756757,,,0.6756756756756757,0.6756756756756757,,,,0.6756756756756757,,,True,weapon
0.6052631578947368,,,0.6052631578947368,0.6052631578947368,,,,0.6052631578947368,,,True,weapon
0.9902912621359223,,,0.9902912621359223,0.9902912621359223,,,,0.9902912621359223,,,True,weapon
0.9803921568627451,,,0.9803921568627451,0.9803921568627451,,,,0.9803921568627451,,,True,weapon
0.9518072289156626,,,0.9518072289156626,0.9518072289156626,,,,0.9518072289156626,,,True,weapon
0.9240506329113924,,,0.9240506329113924,0.9240506329113924,,,,0.9240506329113924,,,True,weapon
0.4230769230769231,,,0.4230769230769231,0.4230769230769231,,,,0.4230769230769231,,,True,weapon
0.16666666666666666,,,0.16666666666666666,0.16666666666666666,,,,0.16666666666666666,,,True,weapon
1.0,0.32760656185332243,0.06044794946568002,1.0,1.0,0.3067717227609209,0.363946429725626,0.05717470696470511,1.0,0.10871338796371924,0.05281421203420711,True,weapon
1.0,4.505884950761423,2.1658016880186386,1.0,1.0,4.417950805463615,4.221006186853463,0.19694461861015178,1.0,4.537057871583596,2.195694590199555,True,weapon
0.7735849056603774,,,0.7735849056603774,0.7735849056603774,,,,0.7735849056603774,,,True,weapon
0.7142857142857143,,,0.7142857142857143,0.7142857142857143,,,,0.7142857142857143,,,True,weapon
0.8,,,0.8,0.8,,,,0.8,,,True,weapon
0.6666666666666666,,,0.6666666666666666,0.6666666666666666,,,,0.6666666666666666,,,True,weapon
0.5652173913043478,,,0.5652173913043478,0.5652173913043478,,,,0.5652173913043478,,,True,weapon
0.2857142857142857,,,0.2857142857142857,0.2857142857142857,,,,0.2857142857142857,,,True,weapon
0.9714285714285714,,,0.9714285714285714,0.9714285714285714,,,,0.9714285714285714,,,True,weapon
0.9473684210526315,,,0.9473684210526315,0.9473684210526315,,,,0.9473684210526315,,,True,weapon
0.9611650485436893,,,0.9611650485436893,0.9611650485436893,,,,0.9611650485436893,,,True,weapon
0.9468085106382979,,,0.9468085106382979,0.9468085106382979,,,,0.9468085106382979,,,True,weapon
0.9518072289156626,,,0.9518072289156626,0.9518072289156626,,,,0.9518072289156626,,,True,weapon
0.9325153374233128,,,0.9325153374233128,0.9325153374233128,,,,0.9325153374233128,,,True,weapon
1.0,0.291016670408055,0.0357997458034487,1.0,1.0,0.4620287381623702,0.4268833778559058,0.035145360306464424,1.0,0.15097549643561456,0.03386859097873871,True,weapon
1.0,4.610818085463269,2.6398809922978685,1.0,1.0,4.230146568627168,4.501743140740928,0.27159657211375965,1.0,4.232602730189955,2.1284380804327823,True,weapon
1.0,0.27657320638106525,0.020204720947066917,1.0,1.0,0.4535844982237462,0.37458763055058103,0.07899686767316516,1.0,0.11165439710666325,0.036020094929376516,True,weapon
1.0,4.668932517970241,2.395459263669905,1.0,1.0,4.536433805048373,4.047634859673406,0.4887989453749668,1.0,4.22677780407085,2.266070766291112,True,weapon
0.4198473282442748,,,0.4198473282442748,0.4198473282442748,,,,0.4198473282442748,,,True,weapon
0.3888888888888889,,,0.3888888888888889,0.3888888888888889,,,,0.3888888888888889,,,True,weapon
0.6065573770491803,,,0.6065573770491803,0.6065573770491803,,,,0.6065573770491803,,,True,weapon
0.591304347826087,,,0.591304347826087,0.591304347826087,,,,0.591304347826087,,,True,weapon
0.54,,,0.54,0.54,,,,0.54,,,True,weapon
0.3523809523809524,,,0.3523809523809524,0.3523809523809524,,,,0.3523809523809524,,,True,weapon
0.89,,,0.89,0.89,,,,0.89,,,True,weapon
0.8315789473684211,,,0.8315789473684211,0.8315789473684211,,,,0.8315789473684211,,,True,weapon
0.4426229508196721,,,0.4426229508196721,0.4426229508196721,,,,0.4426229508196721,,,True,weapon
0.2459016393442623,,,0.2459016393442623,0.2459016393442623,,,,0.2459016393442623,,,True,weapon
0.3,,,0.3,0.3,,,,0.3,,,True,weapon
0.2553191489361702,,,0.2553191489361702,0.2553191489361702,,,,0.2553191489361702,,,True,weapon
0.4523809523809524,,,0.4523809523809524,0.4523809523809524,,,,0.4523809523809524,,,True,weapon
0.4090909090909091,,,0.4090909090909091,0.4090909090909091,,,,0.4090909090909091,,,True,weapon
0.8583333333333333,,,0.8583333333333333,0.8583333333333333,,,,0.8583333333333333,,,True,weapon
0.7711864406779662,,,0.7711864406779662,0.7711864406779662,,,,0.7711864406779662,,,True,weapon
1.0,0.0832811078041992,0.047122976707213445,1.0,1.0,0.2744938302574286,0.24645889202764779,0.028034938229780787,1.0,0.0407734996719144,0.02750923224034767,True,weapon
1.0,4.336560353041424,2.235893386823747,1.0,1.0,4.341212935486867,4.226944034538646,0.11426890094822095,1.0,4.336158323111699,2.303241453082997,True,weapon
1.0,0.088047613839262,0.036812735480283014,1.0,1.0,0.30610786723865113,0.2250311961899931,0.08107667104865804,1.0,0.0265177504623422,0.014537444573045063,True,weapon
1.0,3.6415588335066387,2.195377117124076,1.0,1.0,4.174952851975053,4.081057035271483,0.09389581670357039,1.0,4.515193647087438,2.547898544062888,True,weapon
0.9272727272727272,,,0.9272727272727272,0.9272727272727272,,,,0.9272727272727272,,,True,weapon
0.9,,,0.9,0.9,,,,0.9,,,True,weapon
0.7727272727272727,,,0.7727272727272727,0.7727272727272727,,,,0.7727272727272727,,,True,weapon
0.7,,,0.7,0.7,,,,0.7,,,True,weapon
0.7441860465116279,,,0.7441860465116279,0.7441860465116279,,,,0.7441860465116279,,,True,weapon
0.6585365853658537,,,0.6585365853658537,0.6585365853658537,,,,0.6585365853658537,,,True,weapon
0.819672131147541,,,0.819672131147541,0.819672131147541,,,,0.819672131147541,,,True,weapon
0.7704918032786885,,,0.7704918032786885,0.7704918032786885,,,,0.7704918032786885,,,True,weapon
0.3333333333333333,,,0.3333333333333333,0.3333333333333333,,,,0.3333333333333333,,,True,weapon
0.17142857142857143,,,0.17142857142857143,0.17142857142857143,,,,0.17142857142857143,,,True,weapon
1.0,0.25978301491191313,0.04119417760543179,1.0,1.0,0.20357163620346264,0.24648147471767154,0.0429098385142089,1.0,0.17545921850681637,0.09472178250231171,True,weapon
1.0,4.774718382591058,2.605225893243954,1.0,1.0,4.888430142867749,4.200685009170985,0.6877451336967644,1.0,4.215240343675596,2.1542051343918516,True,weapon
0.967032967032967,,,0.967032967032967,0.967032967032967,,,,0.967032967032967,,,True,weapon
0.9512195121951219,,,0.9512195121951219,0.9512195121951219,,,,0.9512195121951219,,,True,weapon
0.9310344827586207,,,0.9310344827586207,0.9310344827586207,,,,0.9310344827586207,,,True,weapon
0.9080459770114943,,,0.9080459770114943,0.9080459770114943,,,,0.9080459770114943,,,True,weapon
1.0,0.17079643090896188,0.005231510472585286,1.0,1.0,0.23451375554353973,0.21481090640655404,0.019702849136985695,1.0,0.10369924390248801,0.036659639310115025,True,weapon
1.0,5.288139792618424,2.1149813388176435,1.0,1.0,5.89111089724442,4.252648827090849,1.6384620701535715,1.0,6.3778958922312885,2.835049773925858,True,weapon
0.13924050632911392,,,0.13924050632911392,0.13924050632911392,,,,0.13924050632911392,,,True,weapon
0.1267605633802817,,,0.1267605633802817,0.1267605633802817,,,,0.1267605633802817,,,True,weapon
0.7377049180327869,,,0.7377049180327869,0.7377049180327869,,,,0.7377049180327869,,,True,weapon
0.7,,,0.7,0.7,,,,0.7,,,True,weapon
0.7857142857142857,,,0.7857142857142857,0.7857142857142857,,,,0.7857142857142857,,,True,weapon
0.7619047619047619,,,0.7619047619047619,0.7619047619047619,,,,0.7619047619047619,,,True,weapon
0.5352112676056338,,,0.5352112676056338,0.5352112676056338,,,,0.5352112676056338,,,True,weapon
0.5107913669064749,,,0.5107913669064749,0.5107913669064749,,,,0.5107913669064749,,,True,weapon
0.8518518518518519,,,0.8518518518518519,0.8518518518518519,,,,0.8518518518518519,,,True,weapon
0.7692307692307693,,,0.7692307692307693,0.7692307692307693,,,,0.7692307692307693,,,True,weapon
0.85,,,0.85,0.85,,,,0.85,,,True,weapon
0.8476190476190476,,,0.8476190476190476,0.8476190476190476,,,,0.8476190476190476,,,True,weapon
0.9925925925925926,,,0.9925925925925926,0.9925925925925926,,,,0.9925925925925926,,,True,weapon
0.9858156028368794,,,0.9858156028368794,0.9858156028368794,,,,0.9858156028368794,,,True,weapon
1.0,0.12729946520109856,0.061786807037349435,1.0,1.0,0.21163088748782444,0.20242240492259178,0.009208482565232656,1.0,0.051690408595905527,0.033860107515313646,True,weapon
1.0,4.144184900782042,2.343961768723766,1.0,1.0,4.650478032634745,4.432375687996934,0.21810234463781164,1.0,4.398469601031558,2.487181429915126,True,weapon
0.5658914728682171,,,0.5658914728682171,0.5658914728682171,,,,0.5658914728682171,,,True,weapon
0.5555555555555556,,,0.5555555555555556,0.5555555555555556,,,,0.5555555555555556,,,True,weapon
1.0,0.10422306655257955,0.05566362851042341,1.0,1.0,0.21195845602845065,0.20152707915158558,0.010431376876865073,1.0,0.1144137881395264,0.059179660197205934,True,weapon
1.0,4.4672750325820045,2.375000991030539,1.0,1.0,4.494702995401247,4.166962780430491,0.3277402149707562,1.0,4.376001467755422,2.380255622415108,True,weapon
0.8421052631578947,,,0.8421052631578947,0.8421052631578947,,,,0.8421052631578947,,,True,weapon
0.8055555555555556,,,0.8055555555555556,0.8055555555555556,,,,0.8055555555555556,,,True,weapon
0.7571428571428571,,,0.7571428571428571,0.7571428571428571,,,,0.7571428571428571,,,True,weapon
0.7105263157894737,,,0.7105263157894737,0.7105263157894737,,,,0.7105263157894737,,,True,weapon
0.847457627118644,,,0.847457627118644,0.847457627118644,,,,0.847457627118644,,,True,weapon
0.8253968253968254,,,0.8253968253968254,0.8253968253968254,,,,0.8253968253968254,,,True,weapon
0.625,,,0.625,0.625,,,,0.625,,,True,weapon
0.5897435897435898,,,0.5897435897435898,0.5897435897435898,,,,0.5897435897435898,,,True,weapon
0.18620689655172415,,,0.18620689655172415,0.18620689655172415,,,,0.18620689655172415,,,True,weapon
0.1619718309859155,,,0.1619718309859155,0.1619718309859155,,,,0.1619718309859155,,,True,weapon
0.32098765432098764,,,0.32098765432098764,0.32098765432098764,,,,0.32098765432098764,,,True,weapon
0.30337078651685395,,,0.30337078651685395,0.30337078651685395,,,,0.30337078651685395,,,True,weapon
1.0,0.3080374639627649,0.02864725453876399,1.0,1.0,0.3561226085611275,0.3434757359738648,0.012646872587262659,1.0,0.14640748227140998,0.03068999744426157,True,weapon
1.0,4.425723761840027,2.3892696524078136,1.0,1.0,4.415152942249606,4.308305969119465,0.10684697313014091,1.0,4.76829833924996,2.3828650777497264,True,weapon
0.2403846153846154,,,0.2403846153846154,0.2403846153846154,,,,0.2403846153846154,,,True,weapon
0.22330097087378642,,,0.22330097087378642,0.22330097087378642,,,,0.22330097087378642,,,True,weapon
0.9668508287292817,,,0.9668508287292817,0.9668508287292817,,,,0.9668508287292817,,,True,weapon
0.9375,,,0.9375,0.9375,,,,0.9375,,,True,weapon
0.9902912621359223,,,0.9902912621359223,0.9902912621359223,,,,0.9902912621359223,,,True,weapon
0.9804878048780488,,,0.9804878048780488,0.9804878048780488,,,,0.9804878048780488,,,True,weapon
1.0,0.11008062217249702,0.009407142724907678,1.0,1.0,0.18281229068958887,0.2254588577276265,0.042646567038037625,1.0,0.14913214597535251,0.06939172224416122,True,weapon
1.0,4.297771742869535,2.5558744225707692,1.0,1.0,4.299423268041672,4.35104440889981,0.051621140858137515,1.0,4.234710163465092,1.9642719739413979,True,weapon
1.0,0.138030950030602,0.007721916076888915,1.0,1.0,0.21794766435967508,0.20926978309830166,0.008677881261373421,1.0,0.1970675832146223,0.08828769642678934,True,weapon
1.0,4.371846989728171,2.1936030393949104,1.0,1.0,4.706083042882483,4.3210173348920025,0.38506570799048045,1.0,4.766487550585485,2.6070376170082716,True,weapon
0.7619047619047619,,,0.7619047619047619,0.7619047619047619,,,,0.7619047619047619,,,True,weapon
0.6956521739130435,,,0.6956521739130435,0.6956521739130435,,,,0.6956521739130435,,,True,weapon
0.7906976744186046,,,0.7906976744186046,0.7906976744186046,,,,0.7906976744186046,,,True,weapon
0.717948717948718,,,0.717948717948718,0.717948717948718,,,,0.717948717948718,,,True,weapon
0.6881720430107527,,,0.6881720430107527,0.6881720430107527,,,,0.6881720430107527,,,True,weapon
0.6777777777777778,,,0.6777777777777778,0.6777777777777778,,,,0.6777777777777778,,,True,weapon
1.0,0.07400312714716605,0.013022181449533446,1.0,1.0,0.19037883676519232,0.2189161056924024,0.02853726892721009,1.0,0.16629820740479742,0.0887772371563072,True,weapon
1.0,4.383454339431799,1.9744750617314308,1.0,1.0,4.042264467414207,4.377313474939562,0.33504900752535516,1.0,4.019528012682015,2.0764928095253077,True,weapon
0.972972972972973,,,0.972972972972973,0.972972972972973,,,,0.972972972972973,,,True,weapon
0.9711538461538461,,,0.9711538461538461,0.9711538461538461,,,,0.9711538461538461,,,True,weapon
0.9827586206896551,,,0.9827586206896551,0.9827586206896551,,,,0.9827586206896551,,,True,weapon
0.9672131147540983,,,0.9672131147540983,0.9672131147540983,,,,0.9672131147540983,,,True,weapon
0.9836065573770492,,,0.9836065573770492,0.9836065573770492,,,,0.9836065573770492,,,True,weapon
0.9830508474576272,,,0.9830508474576272,0.9830508474576272,,,,0.9830508474576272,,,True,weapon
1.0,0.14731206256117907,0.00960472286057791,1.0,1.0,0.1954400099770322,0.15131181015590955,0.04412819982112265,1.0,0.24854688256080792,0.10880279209413464,True,weapon
1.0,4.585612974641208,2.282521566283067,1.0,1.0,4.776045763173786,4.4241874453392676,0.3518583178345187,1.0,4.687142771045754,2.6663005692771664,True,weapon
0.921875,,,0.921875,0.921875,,,,0.921875,,,True,weapon
0.9104477611940298,,,0.9104477611940298,0.9104477611940298,,,,0.9104477611940298,,,True,weapon
1.0,0.0846708224914704,0.009656740144793723,1.0,1.0,0.18923354138084122,0.1919562094171239,0.0027226680362826827,1.0,0.20290982591611073,0.08674639680341335,True,weapon
1.0,4.479600193706447,2.1460920700921906,1.0,1.0,4.437127061672285,4.650224722084057,0.2130976604117718,1.0,4.512938057488405,2.3910821269697413,True,weapon
1.0,0.11649431396345089,0.01407020638187996,1.0,1.0,0.21331796417340895,0.21405856411075258,0.0007405999373436278,1.0,0.1929549119236579,0.09505962212179649,True,weapon
1.0,4.296516947765729,2.3392802869418134,1.0,1.0,4.149756278537522,4.341242478819136,0.19148620028161378,1.0,4.045221282486642,2.076411705049433,True,weapon
0.9857142857142858,,,0.9857142857142858,0.9857142857142858,,,,0.9857142857142858,,,True,weapon
0.971830985915493,,,0.971830985915493,0.971830985915493,,,,0.971830985915493,,,True,weapon
1.0,0.14590583149200811,0.00804909721905879,1.0,1.0,0.21064089204616437,0.18150391928231696,0.029136972763847413,1.0,0.1976988139835587,0.0867671569426892,True,weapon
1.0,4.52504932548537,2.402900074076385,1.0,1.0,4.193896553834015,4.443448735487873,0.24955218165385862,1.0,4.660674225149757,2.6168147182721246,True,weapon
1.0,0.13004642762330382,0.011311531345211897,1.0,1.0,0.1981384057140348,0.19378972157206098,0.004348684141973813,1.0,0.2045799505750264,0.09165881423251915,True,weapon
1.0,4.16605373302352,2.1125179393166587,1.0,1.0,4.394624667149101,4.076850556425149,0.3177741107239518,1.0,4.414642653985617,2.5236132577899117,True,weapon
1.0,0.19928631920348416,0.007016291425070462,1.0,1.0,0.2300961358942014,0.2026543837197664,0.02744175217443498,1.0,0.20259574094299543,0.0953602529402793,True,weapon
1.0,4.820979563384364,2.7805448738686716,1.0,1.0,4.131789171668635,4.213897587283827,0.08210841561519189,1.0,4.192151338548193,2.2169688705577895,True,weapon
1.0,0.16601934067483237,0.003697298516444942,1.0,1.0,0.2156794661686838,0.22937907167021973,0.013699605501535927,1.0,0.18590843180458314,0.07144944226740248,True,weapon
1.0,4.4174514537612355,2.4859685698157508,1.0,1.0,4.445200310186823,3.9785714226355995,0.4666288875512232,1.0,4.619518594301733,2.6212177278081086,True,weapon
1.0,0.15963188223906952,0.00913526663903119,1.0,1.0,0.20611656410409082,0.2064307639966055,0.00031419989251468827,1.0,0.22189957159592283,0.08402657794344767,True,weapon
1.0,4.567475173941346,2.021436518844911,1.0,1.0,4.6461123931113235,4.713220373696243,0.06710798058491907,1.0,4.088572330004124,2.4187882801347387,True,weapon
1.0,0.20131964787303697,0.004277677596040363,1.0,1.0,0.22212341586054654,0.19792257802338242,0.02420083783716412,1.0,0.1982687976855176,0.08577688253159017,True,weapon
1.0,4.469550806004571,2.191761759240832,1.0,1.0,4.413125685457764,4.3605092467212305,0.052616438736533766,1.0,4.513138497601934,2.1859324564696174,True,weapon
1.0,0.15717332114272076,0.014567045253740958,1.0,1.0,0.2715933274394957,0.19945920837792175,0.07213411906157396,1.0,0.17062830749405242,0.09213496224262586,True,weapon
1.0,4.309637753194908,2.045793599541712,1.0,1.0,4.247665249287166,4.0446369120519545,0.20302833723521108,1.0,4.3893253956294815,2.532164154986736,True,weapon
1.0,0.16478188003570948,0.005253735562580123,1.0,1.0,0.21936188549844957,0.23365556605161028,0.014293680553160715,1.0,0.18134839032632388,0.06868956569571483,True,weapon
1.0,4.737161823717508,2.295732884729548,1.0,1.0,4.638010905800561,4.511399592249127,0.12661131355143418,1.0,4.758801255716403,2.4447073458858886,True,weapon
1.0,0.16590038542199279,0.009968049795048128,1.0,1.0,0.21176185119924168,0.21295349567178573,0.0011916444725440511,1.0,0.2076986928149108,0.07981866603012339,True,weapon
1.0,4.163927709907561,2.149927611607016,1.0,1.0,4.084609102201818,4.03858358479713,0.04602551740468819,1.0,3.633518605724965,1.865083904913869,True,weapon
1.0,0.1805250425108939,0.007167801910250944,1.0,1.0,0.2328518020668869,0.19240637122204857,0.04044543084483834,1.0,0.14630883773086104,0.04740597343859743,True,weapon
1.0,5.31826856081984,2.9606989852057497,1.0,1.0,5.11164153990266,5.183658889142831,0.07201734924017078,1.0,5.88779447806669,2.4242414257849405,True,weapon
1.0,0.16643141017087618,0.004742317656033759,1.0,1.0,0.22872951972481503,0.22692285295995887,0.001806666764856163,1.0,0.13741435721151726,0.047986116853887116,True,weapon
1.0,4.526277196597076,2.281431581756076,1.0,1.0,4.935722453405646,4.4212568433163195,0.5144656100893261,1.0,4.442793715974465,2.31308673036928,True,weapon
1.0,0.1687004257675801,0.0058525984625217835,1.0,1.0,0.2291216466803982,0.22667542656456527,0.0024462201158329255,1.0,0.15322940790513906,0.05495847211367998,True,weapon
1.0,4.501404544392454,1.9359058603505384,1.0,1.0,3.746263947829762,4.465264529916411,0.7190005820866485,1.0,4.59604367304351,1.9571947614097902,True,weapon
1.0,0.19418612422465167,0.014094072968445602,1.0,1.0,0.22996047388090754,0.1846998006128207,0.04526067326808683,1.0,0.18243657572534625,0.069563380410209,True,weapon
1.0,3.9539038325994005,2.10831598673093,1.0,1.0,4.03783589401337,4.426141312311737,0.3883054182983665,1.0,4.380702166489793,2.4136673518225154,True,weapon
1.0,0.17336156664677763,0.005679709454867107,1.0,1.0,0.22920201292357306,0.2345864354531698,0.005384422529596727,1.0,0.1523915335055932,0.05083943827770375,True,weapon
1.0,4.118988985208357,2.1427257196230705,1.0,1.0,3.9315940524253197,4.164822836784854,0.2332287843595342,1.0,4.184202855701892,2.1392176116266475,True,weapon
1.0,0.16664360579185014,0.0033392324843719086,1.0,1.0,0.22847875048737523,0.20173946877824842,0.026739281709126816,1.0,0.1146837540551789,0.05730576102158593,True,weapon
1.0,4.216180941326583,2.155868524653877,1.0,1.0,3.9926839316990375,4.428349518698153,0.4356655869991153,1.0,4.497537255857143,2.4683417818117372,True,weapon
1.0,0.13958180719133564,0.003790123789346586,1.0,1.0,0.22526194325300317,0.2366831129963349,0.011421169743331738,1.0,0.13122207017371196,0.05885769984518368,True,weapon
1.0,4.263875558368887,2.3910190127215754,1.0,1.0,4.41393368898327,4.444997224567512,0.031063535584242352,1.0,4.009704625557633,2.1818928459419693,True,weapon
0.975,,,0.975,0.975,,,,0.975,,,True,weapon
0.9473684210526315,,,0.9473684210526315,0.9473684210526315,,,,0.9473684210526315,,,True,weapon
0.475,,,0.475,0.475,,,,0.475,,,True,weapon
0.3023255813953488,,,0.3023255813953488,0.3023255813953488,,,,0.3023255813953488,,,True,weapon
1.0,0.10167135026738464,0.06499144559753521,1.0,1.0,0.2602082675629329,0.23002429712797554,0.03018397043495738,1.0,0.15536174714409368,0.08779094372189479,True,weapon
1.0,4.4791847191507355,2.350776571086047,1.0,1.0,4.105914633333077,4.16290515445387,0.0569905211207935,1.0,4.679544800447785,2.2038675096078304,True,weapon
0.8571428571428571,,,0.8571428571428571,0.8571428571428571,,,,0.8571428571428571,,,True,weapon
0.7741935483870968,,,0.7741935483870968,0.7741935483870968,,,,0.7741935483870968,,,True,weapon
0.5365853658536586,,,0.5365853658536586,0.5365853658536586,,,,0.5365853658536586,,,True,weapon
0.43243243243243246,,,0.43243243243243246,0.43243243243243246,,,,0.43243243243243246,,,True,weapon
0.15384615384615385,,,0.15384615384615385,0.15384615384615385,,,,0.15384615384615385,,,True,weapon
0.10526315789473684,,,0.10526315789473684,0.10526315789473684,,,,0.10526315789473684,,,True,weapon
1.0,0.031416445531139196,0.009780999711750636,1.0,1.0,0.21811737894386327,0.2364824808818379,0.018365101937974637,1.0,0.18584197232042737,0.08872241547085893,True,weapon
1.0,4.745969047066194,2.948015167834435,1.0,1.0,4.253451630731681,4.6801326135921695,0.4266809828604883,1.0,4.09603348122272,2.247931224269601,True,weapon
0.9183673469387755,,,0.9183673469387755,0.9183673469387755,,,,0.9183673469387755,,,True,weapon
0.8888888888888888,,,0.8888888888888888,0.8888888888888888,,,,0.8888888888888888,,,True,weapon
1.0,0.039983386408918506,0.014551490714280621,1.0,1.0,0.22088942847662782,0.23684505141693224,0.01595562294030442,1.0,0.1656499558250266,0.0828857716298142,True,weapon
1.0,3.8453423024934317,2.3912310874573532,1.0,1.0,4.2007972800344975,4.047110306905389,0.1536869731291084,1.0,4.336403490479593,2.292528293181008,True,weapon
1.0,0.15410600528977722,0.00436963359359498,1.0,1.0,0.23263042698422992,0.2142649805951144,0.018365446389115525,1.0,0.10231206567984313,0.049944492576895004,True,weapon
1.0,4.162825168187282,2.2010728682850353,1.0,1.0,4.551643807145348,4.414332050647803,0.137311756497545,1.0,4.384159993261683,1.9067119993459996,True,weapon
1.0,0.11952655597704241,0.008034864466111648,1.0,1.0,0.21110402807678225,0.2424881233709656,0.031384095294183345,1.0,0.11137494887380331,0.053034716177985754,True,weapon
1.0,4.372282923763242,2.28112107481975,1.0,1.0,3.921558149260088,4.570381798284678,0.6488236490245898,1.0,4.156380945329011,2.0775997910300332,True,weapon
1.0,0.1520866684354799,0.004074469045486466,1.0,1.0,0.23009430202787876,0.23768743417772709,0.007593132149848331,1.0,0.05812230259438252,0.03108391320802926,True,weapon
1.0,4.5187997250370495,2.3906816334733754,1.0,1.0,4.202671145735769,4.343403780871357,0.14073263513558842,1.0,4.318263635733139,2.3977092997348084,True,weapon
1.0,0.1548952521844794,0.005010940009249072,1.0,1.0,0.24776542937905435,0.20049839887566726,0.0472670305033871,1.0,0.10999501249825173,0.06111199778570966,True,weapon
1.0,4.173021434098278,2.5222107165345897,1.0,1.0,3.8889663914048334,4.114966539298759,0.22600014789392597,1.0,4.285574397392738,1.9850534602182481,True,weapon
1.0,0.03468801980449706,0.011587594481137421,1.0,1.0,0.22348176187015875,0.2376894819157332,0.01420772004557444,1.0,0.14851164132615152,0.08119295462774413,True,weapon
1.0,5.058315115114967,2.6069974632012234,1.0,1.0,4.934498124677465,4.514494001267152,0.42000412341031357,1.0,4.484309257039725,2.6820941305034265,True,weapon
1.0,0.06666035580864947,0.016403354748244173,1.0,1.0,0.21759691822000563,0.23858184403595403,0.020984925815948408,1.0,0.1495365990039551,0.07309340581517981,True,weapon
1.0,4.445716221150751,2.778302899462585,1.0,1.0,4.16997981635964,4.058934156579437,0.11104565978020275,1.0,3.7262041259070755,2.2046451537678884,True,weapon
0.972972972972973,,,0.972972972972973,0.972972972972973,,,,0.972972972972973,,,True,weapon
0.9605263157894737,,,0.9605263157894737,0.9605263157894737,,,,0.9605263157894737,,,True,weapon
0.625,,,0.625,0.625,,,,0.625,,,True,weapon
0.4666666666666667,,,0.4666666666666667,0.4666666666666667,,,,0.4666666666666667,,,True,weapon
0.9885057471264368,,,0.9885057471264368,0.9885057471264368,,,,0.9885057471264368,,,True,weapon
0.9787234042553191,,,0.9787234042553191,0.9787234042553191,,,,0.9787234042553191,,,True,weapon
0.5333333333333333,,,0.5333333333333333,0.5333333333333333,,,,0.5333333333333333,,,True,weapon
0.42857142857142855,,,0.42857142857142855,0.42857142857142855,,,,0.42857142857142855,,,True,weapon
0.33962264150943394,,,0.33962264150943394,0.33962264150943394,,,,0.33962264150943394,,,True,weapon
0.20754716981132076,,,0.20754716981132076,0.20754716981132076,,,,0.20754716981132076,,,True,weapon
0.9166666666666666,,,0.9166666666666666,0.9166666666666666,,,,0.9166666666666666,,,True,weapon
0.8852459016393442,,,0.8852459016393442,0.8852459016393442,,,,0.8852459016393442,,,True,weapon
0.5,,,0.5,0.5,,,,0.5,,,True,weapon
0.36065573770491804,,,0.36065573770491804,0.36065573770491804,,,,0.36065573770491804,,,True,weapon
1.0,0.05905093182838715,0.018986824165338635,1.0,1.0,0.21089039838512488,0.22676457828044522,0.015874179895320334,1.0,0.1831831182107025,0.09737195355372673,True,weapon
1.0,4.267593498594792,2.0703891960630814,1.0,1.0,4.117630046422769,4.3062573670116615,0.18862732058889264,1.0,4.204814638936961,2.0060190507745768,True,weapon
1.0,0.11453693302966092,0.013307175387310273,1.0,1.0,0.2198187937342831,0.23274010416695168,0.012921310432668587,1.0,0.1599514100577258,0.07217450174996616,True,weapon
1.0,4.778822039502864,2.5566720698021297,1.0,1.0,4.050805177251264,4.361704897562316,0.31089972031105173,1.0,4.422569683060225,2.2139821683912833,True,weapon
1.0,0.1559729238695682,0.004044024832217946,1.0,1.0,0.22709313167583217,0.2067472231093426,0.020345908566489573,1.0,0.1721848903214223,0.07095056980566893,True,weapon
1.0,4.562100468032193,2.578598586335681,1.0,1.0,4.540461202706769,4.43529429073148,0.1051669119752896,1.0,3.9669704212195263,2.4929558824764038,True,weapon
1.0,0.17236937102268818,0.0027196495665826603,1.0,1.0,0.2397285687090126,0.20428682152495142,0.03544174718406118,1.0,0.11706508561504793,0.037153156968091086,True,weapon
1.0,4.294800825097532,2.3272976044596265,1.0,1.0,4.47282887453568,4.1321731730715605,0.3406557014641196,1.0,4.709087052080782,2.3018569906054895,True,weapon
1.0,0.15271997171655943,0.0038245503293070967,1.0,1.0,0.22387905967209581,0.23118553798985692,0.0073064783177611,1.0,0.13363333857114432,0.05517028676777157,True,weapon
1.0,4.490837141528006,2.6587919314266264,1.0,1.0,4.628357720176454,4.082180343018091,0.5461773771583625,1.0,4.476141412353711,2.5709200884200705,True,weapon
1.0,0.1643705416303357,0.0015322534804553562,1.0,1.0,0.24044783018809562,0.20223167053306054,0.03821615965503508,1.0,0.08655043410013089,0.02616454239216184,True,weapon
1.0,4.0403400834703245,2.1791514346419136,1.0,1.0,4.082249837069113,4.015611246720617,0.06663859034849562,1.0,3.9233012422377542,2.0211098772281133,True,weapon
1.0,0.1621291983674562,0.002765576897159703,1.0,1.0,0.22399483926255848,0.19869973572501282,0.02529510353754566,1.0,0.12700967786019754,0.0531811622601237,True,weapon
1.0,4.178694541047779,2.1786581925607655,1.0,1.0,4.331395523412166,4.908802599513029,0.5774070761008634,1.0,4.090133149412243,1.9949552760686922,True,weapon
1.0,0.12868671316900884,0.011161777631749453,1.0,1.0,0.22294890493235167,0.21769591523197776,0.005252989700373911,1.0,0.175513490199551,0.077496059037836,True,weapon
1.0,4.105069155336274,2.0860786557923294,1.0,1.0,4.518924976078213,3.7463008996000347,0.7726240764781784,1.0,4.727329651081595,1.9821903924538415,True,weapon
1.0,0.0931126974801281,0.010593381393947951,1.0,1.0,0.21360723010208577,0.22049732349289625,0.006890093390810481,1.0,0.18713238555026626,0.07989333899470118,True,weapon
1.0,4.640693711420544,2.48482927037977,1.0,1.0,4.5467215336997535,4.4643030632699015,0.08241847042985206,1.0,3.872009966037249,1.9566816812034045,True,weapon
1.0,0.1287237139195954,0.014305912379826017,1.0,1.0,0.22654223254757536,0.22269997013706935,0.0038422624105060033,1.0,0.17061981397470852,0.07847883002463701,True,weapon
1.0,4.246750226610362,2.17471740841525,1.0,1.0,4.290946322720544,4.3128055180851845,0.021859195364640094,1.0,5.011540328776327,2.355650935662259,True,weapon
1.0,0.08719413743997026,0.010810704682399376,1.0,1.0,0.21766088222209826,0.21726534253937327,0.00039553968272498796,1.0,0.19187023108124687,0.08188973326164993,True,weapon
1.0,4.851552773211521,2.091550505252533,1.0,1.0,3.9142288779115786,4.4195730057449385,0.5053441278333599,1.0,4.1792674779431405,2.2643008529227364,True,weapon
0.8873239436619719,,,0.8873239436619719,0.8873239436619719,,,,0.8873239436619719,,,True,weapon
0.8181818181818182,,,0.8181818181818182,0.8181818181818182,,,,0.8181818181818182,,,True,weapon
0.25,,,0.25,0.25,,,,0.25,,,True,weapon
0.15384615384615385,,,0.15384615384615385,0.15384615384615385,,,,0.15384615384615385,,,True,weapon
0.8309859154929577,,,0.8309859154929577,0.8309859154929577,,,,0.8309859154929577,,,True,weapon
0.7922077922077922,,,0.7922077922077922,0.7922077922077922,,,,0.7922077922077922,,,True,weapon
1.0,0.042873937093977375,0.013888951477034422,1.0,1.0,0.21207527031030307,0.23359263221722448,0.02151736190692141,1.0,0.18443893718114207,0.09090050442322485,True,weapon
1.0,4.193957723723312,2.321339656885536,1.0,1.0,4.095450629344031,4.528411027923526,0.4329603985794952,1.0,4.406952084915149,2.527864635750355,True,weapon
1.0,0.16390150829764863,0.0030753802160683654,1.0,1.0,0.23168624218175016,0.22750985683116862,0.004176385350581541,1.0,0.09292489219872682,0.027675069334489443,True,weapon
1.0,4.657704609539639,2.399064373482845,1.0,1.0,4.427173683022918,4.464722731383352,0.037549048360434156,1.0,4.185077352903771,2.101946532844636,True,weapon
1.0,0.16427794957796485,0.0035569629877979262,1.0,1.0,0.22970904038120585,0.22841966931256102,0.0012893710686448234,1.0,0.10989097469052406,0.03677670270609149,True,weapon
1.0,3.8632603434533737,2.024511362476551,1.0,1.0,3.975397115321838,4.200770621972307,0.22537350665046896,1.0,4.376352880111533,1.9622972616587318,True,weapon
1.0,0.16767129284416188,0.0028768700421511165,1.0,1.0,0.23879793754791243,0.1989872113383428,0.03981072620956963,1.0,0.11443047807553859,0.0399947404915652,True,weapon
1.0,4.204063751919035,2.536004365939517,1.0,1.0,4.502934135218744,4.427142177405339,0.0757919578134052,1.0,4.165167805788482,2.354504509045939,True,weapon
1.0,0.15853765001039333,0.013284461795121532,1.0,1.0,0.24788783714681742,0.26472864657213685,0.01684080942531943,1.0,0.08081883592909224,0.0359755189338042,True,weapon
1.0,4.349546294888635,2.4297109564289574,1.0,1.0,4.653546392845031,4.188436991974245,0.46510940087078545,1.0,4.231453295519276,2.2176635852978994,True,weapon
0.9815668202764977,,,0.9815668202764977,0.9815668202764977,,,,0.9815668202764977,,,True,weapon
0.9644670050761421,,,0.9644670050761421,0.9644670050761421,,,,0.9644670050761421,,,True,weapon
0.9230769230769231,,,0.9230769230769231,0.9230769230769231,,,,0.9230769230769231,,,True,weapon
0.8807339449541285,,,0.8807339449541285,0.8807339449541285,,,,0.8807339449541285,,,True,weapon
0.95,,,0.95,0.95,,,,0.95,,,True,weapon
0.926829268292683,,,0.926829268292683,0.926829268292683,,,,0.926829268292683,,,True,weapon
1.0,0.14102312909868142,0.05415820941746182,1.0,1.0,0.15316073026621965,0.15644483815047672,0.003284107884257065,1.0,0.11230135170741931,0.0668798813202779,True,weapon
1.0,4.5839578555282925,3.0054220218952366,1.0,1.0,4.721687693233617,4.284404429176531,0.4372832640570863,1.0,4.4355896632667875,2.3313821427683794,True,weapon
0.9607843137254902,,,0.9607843137254902,0.9607843137254902,,,,0.9607843137254902,,,True,weapon
0.9433962264150944,,,0.9433962264150944,0.9433962264150944,,,,0.9433962264150944,,,True,weapon
0.7142857142857143,,,0.7142857142857143,0.7142857142857143,,,,0.7142857142857143,,,True,weapon
0.5836575875486382,,,0.5836575875486382,0.5836575875486382,,,,0.5836575875486382,,,True,weapon
0.7574468085106383,,,0.7574468085106383,0.7574468085106383,,,,0.7574468085106383,,,True,weapon
0.6235294117647059,,,0.6235294117647059,0.6235294117647059,,,,0.6235294117647059,,,True,weapon
0.7052631578947368,,,0.7052631578947368,0.7052631578947368,,,,0.7052631578947368,,,True,weapon
0.6336633663366337,,,0.6336633663366337,0.6336633663366337,,,,0.6336633663366337,,,True,weapon
0.6421052631578947,,,0.6421052631578947,0.6421052631578947,,,,0.6421052631578947,,,True,weapon
0.5157894736842106,,,0.5157894736842106,0.5157894736842106,,,,0.5157894736842106,,,True,weapon
